path	sha256	flow	entry_or_caller	effect_or_consumer	tests	state	evidence	next_action
Dockerfile	3ac1dcf71b7792cea3337f18e12a0a11696bfb568968d5db1f22b2f1278ca5ab	operational	README.md:97; docker build --target application	packages/containerhub-back/src/index.ts:6-19; packages/containerhub-front/src/main.ts:13-26; docker/containerhub-monitoring:4	tests/test_stack_host_roots.py:20-58 tests stack not image; image build not run	unchanged	Dockerfile:1-25 stages install/build/prune then copy backend/front and monitoring launcher; Dockerfile:11 invokes backend build which packages/containerhub-back/package.json:10 runs SQLite smoke and may write smoke.db	No extraction; only verify image/build in isolated authorized environment; build smoke side effect remains out of this review
docker-compose.yml	76c85e8eaaef23164feb0dce8d30f812f40ab6bb387346180df187358c25d946	operational	README.md:126-132 docker stack deploy; tests/test_stack_host_roots.py:15 config	packages/containerhub-back/src/index.ts:6-19; packages/containerhub-back/src/monitoring.ts:5-6; packages/containerhub-agent/src/index.ts:1-6	tests/test_stack_host_roots.py:20-58; python3 -m unittest -v tests/test_stack_host_roots.py 3/3 pass	unchanged	docker-compose.yml:2-51 manager app; :53-81 monitoring process; :83-107 worker agent; :109-121 external network/secret; :9,39-41,89,98-100 roots mirrored in host binds intentionally	Keep service-local configuration visible; separate functional/security review of root-stack agent lacking TLS variables versus packages/containerhub-agent/stack.yml:5-18; README.md:37-40 stale claims SQLite/mTLS
setup.sh	18b6a286b5eb01e03d4266fa7e2f6ee5201c995138aa2fc775f82f7189a420aa	operational	package.json:10 npm run setup; README.md:22 sh setup.sh	npm install mutates workspace dependencies/lock; packages/containerhub-back/package.json:8 dev command	No setup execution; would install/change dependencies	blocked	setup.sh:11-15 runs npm install then npm install --workspaces --include-workspace-root under package.json:6-8 npm workspaces; second pass likely redundant but not behavior-verified; revisión de puerta: El segundo npm install parece redundante para resolver dependencias: el primero ya enlaza workspaces y la segunda invocación incluye explícitamente esos mismos workspaces más la raíz. No se ha demostrado equivalencia de instalación, lockfile y efectos de scripts en un checkout limpio; no cortar todavía.	Corte no ejecutado; puerta: En dos checkouts desechables de HEAD 274d28b8da335ee06bbdd9b9123687dce737774f (p. ej., git archive HEAD extraído en dos directorios temporales), con la misma imagen node:22-bookworm-slim, misma configuración npm y registro, ejecutar A: npm install; B: npm install && npm install --workspaces --include-workspace-root. Exigir éxito de ambas rutas; comparar hash de package-lock.json, npm ls --all --json (normalizando rutas absolutas), árbol de node_modules incluidas dependencias anidadas y destino de los tres enlaces @containerhub; comprobar scripts/side effects y ausencia de cambios no esperados. Nunca instalar en el checkout de trabajo ni copiar el lockfile generado al repo.
tests/test_stack_host_roots.py	560a347ebf6ad410dd83085ae1d3305938a4d98f5647fbfa8f7fbf9fe14bb1c5	operational	python3 -m unittest -v tests/test_stack_host_roots.py; unittest.main at :61-62	docker-compose.yml:9-14,39-41,59,89,98-100 rendered by docker compose config	tests/test_stack_host_roots.py:41-58; 3/3 pass	unchanged	tests/test_stack_host_roots.py:11-17 isolates compose interpolation via /dev/null env and JSON; :20-39 asserts roots/mounts and monitoring exclusion; :47-58 bootstrap defaults; no live Swarm or image coverage	Retain focused config contract; do not infer deploy correctness from rendered compose
packages/containerhub-agent/deploy-remote-worker-proof.sh	9073e844576e40ea2696fefd4005ca451d2baadf328f1ff7c3370328a6dd9c9a	services	packages/containerhub-agent/deploy-remote-worker-proof.sh:222	packages/containerhub-agent/src/server.ts:85	sin test automatizado del script	unchanged	packages/containerhub-agent/deploy-remote-worker-proof.sh:74 init exige conjunto completo de cinco secrets; deploy verifica backend antes de construir/push	packages/containerhub-agent/deploy-remote-worker-proof.sh:74 Mantener CLI unido: separar solo con prueba real de Swarm y rollback; ningún test automatizado del script
packages/containerhub-agent/src/__tests__/server.test.ts	23a7d8e03a37d10232a7ace2323078874b67efc97ad35b953b3aacce26f5fe2e	services	packages/containerhub-agent/src/server.ts:57	packages/containerhub-agent/src/__tests__/server.test.ts:9	packages/containerhub-agent/src/__tests__/server.test.ts:9-126	unchanged	packages/containerhub-agent/src/__tests__/server.test.ts:9 agent stats validates the container identifier and reads its local daemon; packages/containerhub-agent/src/__tests__/server.test.ts:126 agent lists only running containers from its own daemon; Caracterización /folders y /files con arrays inválidos y fileContent no string, GREEN antes/después del corte; agente 7/7 y build 0 (c65d3c9).	packages/containerhub-agent/src/__tests__/server.test.ts:126 Mantener fixtures con mkdtemp; no prueban daemon Swarm real
packages/containerhub-agent/src/__tests__/terminalRoutes.test.ts	108852ffdfe450480913de643e77707a87b8ea9b76e14d84a9fcd2b170a29c98	services	packages/containerhub-agent/src/terminalRoutes.ts:14	packages/containerhub-agent/src/__tests__/terminalRoutes.test.ts:17	packages/containerhub-agent/src/__tests__/terminalRoutes.test.ts:17-103	unchanged	packages/containerhub-agent/src/__tests__/terminalRoutes.test.ts:17 real mTLS WSS terminal preserves binary, validates target/resize and cleans up; packages/containerhub-agent/src/__tests__/terminalRoutes.test.ts:103 terminal uses the deployed plaintext WebSocket transport	packages/containerhub-agent/src/__tests__/terminalRoutes.test.ts:103 Mantener mTLS/binarios; requiere agente desplegado para prueba de worker real
packages/containerhub-agent/src/index.ts	c30be1a2e4e865064d4b4f9aeacea6158363eb6b4dcb9fedf7d1e7fe20701658	services	packages/containerhub-agent/src/index.ts:3	packages/containerhub-agent/src/server.ts:101	packages/containerhub-agent/src/__tests__/server.test.ts:52	unchanged	packages/containerhub-agent/src/index.ts:3 captura error de arranque y fija exitCode=1	packages/containerhub-agent/src/index.ts:3 Mantener bootstrap de seis líneas
packages/containerhub-agent/src/server.ts	cfc3bff27058b9c31c08f95794a80ab5fa87bfa3d30effb28c2efd03b99d1d46	services	packages/containerhub-agent/src/index.ts:1	packages/containerhub-agent/src/agentProvisioningRoutes.ts:98	packages/containerhub-agent/src/__tests__/server.test.ts:85	refactored	packages/containerhub-agent/src/server.ts:57 buildAgentServer concentra health/stats/terminal y escritura segura; safeDataPath valida antes de abrir; revisión de puerta: Separar el aprovisionamiento de archivos/carpetas de health, inventario y stats sí acorta el recorrido del servidor; mover el bloque íntegro, sin unificarlo con la implementación parecida del backend, que tiene configuración y protección de bases distintas. Beneficio neto: el entrypoint muestra sólo composición de rutas y cada control de escritura queda junto a su endpoint; riesgo alto de alterar límites de host, symlinks, hardlinks o respuesta de error.	Corte local c65d3c9; pruebas focales y compilación GREEN. No Docker/Swarm real
packages/containerhub-agent/src/agentProvisioningRoutes.ts	382a7b71216683f4b78fabf1ae32e154c7d647ed7a1d64f391d3b3d0cf9ddee3	services	packages/containerhub-agent/src/server.ts:80 registerAgentProvisioningRoutes	packages/containerhub-back/src/modules/services/services/AgentHealthClient.ts:149-156; POST /folders and /files	packages/containerhub-agent/src/__tests__/server.test.ts:85-127 GREEN before/after; agent 7/7 build 0	refactored	packages/containerhub-agent/src/agentProvisioningRoutes.ts:126-163 keeps path validation, O_NOFOLLOW and database hardlink protection verbatim from server.ts; machine comparison of moved helpers/route body identical; c65d3c9	No further extraction; Docker/Swarm worker validation requires separate live run
packages/containerhub-agent/src/terminalRoutes.ts	aa21d0718fc6b0f5a6e9b5fea67450be4047fa5dfa27ec3aa43cbe5b4950f4b0	services	packages/containerhub-agent/src/server.ts:61	packages/containerhub-back/src/modules/services/services/AgentTerminalClient.ts:19	packages/containerhub-agent/src/__tests__/terminalRoutes.test.ts:17	unchanged	packages/containerhub-agent/src/terminalRoutes.ts:59 WS valida objetivo, inspecciona labels y temporizadores; close limpia stream/socket	packages/containerhub-agent/src/terminalRoutes.ts:59 Mantener terminal acoplado a ciclo de vida; caracterizar desconexión y resize antes de cualquier corte
packages/containerhub-back/src/modules/services/graphql/Service.graphql	1cddb66f7bc1dcfceb29580dddbc07527d06a46a1a6aac3451143651ba1f8432	services	packages/containerhub-back/src/modules/services/graphql/Service.graphql:34	packages/containerhub-back/src/modules/services/resolvers/Service.resolvers.ts:5	packages/containerhub-back/src/modules/services/services/__tests__/ServiceService.test.ts:17	unchanged	packages/containerhub-back/src/modules/services/graphql/Service.graphql:39 Query/Mutation GraphQL paralelas a HTTP, con permisos en resolvers	packages/containerhub-back/src/modules/services/graphql/Service.graphql:39 Mantener contrato GraphQL; verificar uso real antes de proponer consolidación
packages/containerhub-back/src/modules/services/helpers/mapInspectToServiceModel.ts	f3de4fef7e87211ca83bdb387ea3085e3dfd1ff871cf9b6c7a2305c9c235e1fe	services	packages/containerhub-back/src/modules/services/services/ServiceService.ts:85	packages/containerhub-front/src/cruds/ServiceCrud.ts:23	packages/containerhub-back/src/modules/services/services/__tests__/ServiceInspectCompatibility.test.ts:48	unchanged	packages/containerhub-back/src/modules/services/helpers/mapInspectToServiceModel.ts:146 redacta env/labels salvo revealConfiguration y proyecta puertos/recursos	packages/containerhub-back/src/modules/services/helpers/mapInspectToServiceModel.ts:146 Mantener mapper explícito; caracterizar redacción antes de tocarlo
packages/containerhub-back/src/modules/services/helpers/parseDockerImageReference.ts	01fa61139c43255e34b71143b172db22b5df84449b605fa1f3816b2ef0dd4d38	services	packages/containerhub-back/src/modules/services/helpers/mapInspectToServiceModel.ts:152	packages/containerhub-front/src/cruds/ServiceCrud.ts:16	packages/containerhub-back/src/modules/services/services/__tests__/DockerImageReference.test.ts:5	unchanged	packages/containerhub-back/src/modules/services/helpers/parseDockerImageReference.ts:11 separa puerto de registry de tag y preserva digest-only	packages/containerhub-back/src/modules/services/helpers/parseDockerImageReference.ts:11 Mantener parser compartido; añadir casos sólo si aparece referencia nueva
packages/containerhub-back/src/modules/services/permissions/DockerPermissions.ts	d8a3907d01b10130c529a568d3afaa31d8e856c6a2ab11babc6406f51dbea344	services	packages/containerhub-back/src/modules/services/routes/ServiceRoutes.ts:4	packages/containerhub-back/src/modules/services/routes/requirePermission.ts:3	packages/containerhub-back/src/modules/services/services/__tests__/ClusterSummary.test.ts:31	unchanged	packages/containerhub-back/src/modules/services/permissions/DockerPermissions.ts:1 constantes de permisos consumidas por REST y GraphQL	packages/containerhub-back/src/modules/services/permissions/DockerPermissions.ts:1 Mantener diccionario único de permisos
packages/containerhub-back/src/modules/services/resolvers/Service.resolvers.ts	676780797bcb84fc4c12afd47dfc818fd82d6275ea29ff3fc65a7759253f67e0	services	packages/containerhub-back/src/modules/services/graphql/Service.graphql:34	packages/containerhub-back/src/modules/services/services/ServiceService.ts:202	packages/containerhub-back/src/modules/services/services/__tests__/ServiceService.test.ts:17	unchanged	packages/containerhub-back/src/modules/services/resolvers/Service.resolvers.ts:7 Query aplica View; Mutation Restart/Remove comprueba permiso y audita	packages/containerhub-back/src/modules/services/resolvers/Service.resolvers.ts:7 Mantener adaptador GraphQL sin duplicar negocio
packages/containerhub-back/src/modules/services/routes/ServiceRoutes.ts	44b547d6a03d7b6a131e83a5abcf44c6dd0ef6dc3bd00c46ea00080a1414f1c5	services	packages/containerhub-front/src/cruds/ServiceCrud.ts:51	packages/containerhub-back/src/modules/services/services/ServiceService.ts:97	packages/containerhub-back/src/modules/services/services/__tests__/ServiceCreate.test.ts:163	unchanged	packages/containerhub-back/src/modules/services/routes/ServiceRoutes.ts:76 rutas agrupan servicios/tareas/nodos/redes/files; protectedRoute fija preHandler; packages/containerhub-back/src/modules/services/routes/ServiceRoutes.ts:143-151 close previo a resolver streamTaskLogs deja stopStreaming indefinido (riesgo funcional no verificado); revisión de puerta: El registro único deja visibles método, permiso y handler; dividir por dominios añade imports/registro y dificulta comprobar el contrato sin reducir lógica. Riesgo de cambiar permisos u orden de rutas dinámicas; beneficio neto de lectura de extraerlo ahora es negativo. El posible cierre prematuro de logs es un defecto funcional separado, no un refactor.	Conservar límite actual. Si se solicita corregir el cierre WS, caracterizar close durante apertura pendiente, error y destrucción del stream con WebSocket real y Docker stub, luego tratarlo como cambio funcional propio. Para dividir rutas exigir primero prueba de compatibilidad de permisos/orden, respuesta y auditoría de network; sin ella no moverlas.
packages/containerhub-back/src/modules/services/routes/TerminalRoutes.ts	627250860a1564f5a80ed5e120acfaa286e260a4712ee27ff734cc84267bd2fb	services	packages/containerhub-front/src/pages/services/TaskTerminalPage.vue:124	packages/containerhub-back/src/modules/services/services/ServiceService.ts:356	packages/containerhub-back/src/modules/services/routes/__tests__/TerminalRoutes.test.ts:19	unchanged	packages/containerhub-back/src/modules/services/routes/TerminalRoutes.ts:79 ticket de un uso/origen, cola de bytes previa a remote ready y cierre por idle; revisión de puerta: La sesión es una sola máquina temporal: admisión del ticket, cola previa, ready, backpressure, resize coalescido, temporizadores y teardown comparten variables. Extraer callbacks multiplica estado pasado y saltos, sin ganancia neta de lectura; riesgo alto de carreras y de romper el cierre o control de origen.	Conservar límite actual. Sólo reconsiderar al aparecer una separación de dueño real; GREEN antes/después de WS con permiso/origen/ticket real, input antes de ready, resize concurrente, exceso de buffer, expiración/idle y cierre durante conexión tardía. Verificar identidad remota aparte; no inferirla del test con mock.
packages/containerhub-back/src/modules/services/routes/__tests__/TerminalRoutes.test.ts	b1ddc6d331f6934b5e4bab5231c03f99830cb6955fbb0f28386cd17066d06e3f	services	packages/containerhub-back/src/modules/services/routes/TerminalRoutes.ts:67	packages/containerhub-back/src/modules/services/routes/__tests__/TerminalRoutes.test.ts:19	packages/containerhub-back/src/modules/services/routes/__tests__/TerminalRoutes.test.ts:19-143	unchanged	packages/containerhub-back/src/modules/services/routes/__tests__/TerminalRoutes.test.ts:19 browser contract queues initial resize/input during remote setup and cleans late connections; packages/containerhub-back/src/modules/services/routes/__tests__/TerminalRoutes.test.ts:143 terminal reports setup failures through a WebSocket close reason	packages/containerhub-back/src/modules/services/routes/__tests__/TerminalRoutes.test.ts:143 Ampliar secuencia de cierre/resize si se toca TerminalRoutes
packages/containerhub-back/src/modules/services/routes/requirePermission.ts	8fb9f12748137a3cce0d9bda7f17c2cbfc9fc7187a4ad70e18ebb809ad1939e9	services	packages/containerhub-back/src/modules/services/routes/ServiceRoutes.ts:27	packages/containerhub-back/src/modules/services/permissions/DockerPermissions.ts:1	packages/containerhub-back/src/modules/services/services/__tests__/ServiceHttpCompatibility.test.ts:61	unchanged	packages/containerhub-back/src/modules/services/routes/requirePermission.ts:3 delega aserción RBAC a request.rbac	packages/containerhub-back/src/modules/services/routes/requirePermission.ts:3 Mantener helper de una frontera usado por rutas; no añadir interfaz
packages/containerhub-back/src/modules/services/services/AgentHealthClient.ts	b16f2c940b782787d25eacaac482bcbefc5087c34b337174642ab96ee59f3ce3	services	packages/containerhub-back/src/modules/services/services/ServiceService.ts:81	packages/containerhub-agent/src/server.ts:62	packages/containerhub-back/src/modules/services/services/__tests__/AgentHealthClient.test.ts:8	unchanged	packages/containerhub-back/src/modules/services/services/AgentHealthClient.ts:96 DNSRR sondea /health por nodeId antes de stats/files; rechaza payload no coincidente	packages/containerhub-back/src/modules/services/services/AgentHealthClient.ts:96 Mantener identificación por nodo; revisar límite de 8 MiB si inventarios reales lo exceden
packages/containerhub-back/src/modules/services/services/AgentTerminalClient.ts	dbca941266fbe78840bdf103e89d57c51991dcef55a7804882f7d1b30c8d2d0c	services	packages/containerhub-back/src/modules/services/services/ServiceService.ts:367	packages/containerhub-agent/src/terminalRoutes.ts:16	packages/containerhub-agent/src/__tests__/terminalRoutes.test.ts:17	unchanged	packages/containerhub-back/src/modules/services/services/AgentTerminalClient.ts:51 ready con nodeId verifica identidad; Duplex puentea binarios y backpressure	packages/containerhub-back/src/modules/services/services/AgentTerminalClient.ts:51 Mantener transporte con la ruta; extraer sólo con prueba WSS/binario y cierre idéntica
packages/containerhub-back/src/modules/services/services/ContainerStats.ts	5a52e474a99f939c76d538c3cedcc3cd975a7afd1906bd50c789f96aefd903e8	services	packages/containerhub-back/src/modules/services/services/ServiceService.ts:401	packages/containerhub-front/src/pages/services/TaskStatisticsPage.vue:102	packages/containerhub-back/src/modules/services/services/__tests__/ContainerStats.test.ts:17	unchanged	packages/containerhub-back/src/modules/services/services/ContainerStats.ts:17 Zod normaliza CPU/memoria/IO y mantiene campos legacy	packages/containerhub-back/src/modules/services/services/ContainerStats.ts:17 Mantener módulo puro; no fusionar presentación con cálculo
packages/containerhub-back/src/modules/services/services/ServiceFilters.ts	8b782eeffa34c4ab5983d2d1f61850da273ae843c3c9026399d7c75bfeec3e6c	services	packages/containerhub-back/src/modules/services/routes/ServiceRoutes.ts:85	packages/containerhub-back/src/modules/services/services/ServiceService.ts:107	packages/containerhub-back/src/modules/services/services/__tests__/ServiceService.test.ts:23	unchanged	packages/containerhub-back/src/modules/services/services/ServiceFilters.ts:33 parse de operadores y matching comparten whitelist y orden	packages/containerhub-back/src/modules/services/services/ServiceFilters.ts:33 Mantener helper puro existente; no recrearlo
packages/containerhub-back/src/modules/services/services/ServiceMutationAudit.ts	b202bb5cf991bb94804e634089e63c83e7e33b0cd74f9653469341827403643a	services	packages/containerhub-back/src/modules/services/services/ServiceService.ts:185	packages/containerhub-back/src/modules/services/services/__tests__/ServiceMutationAudit.test.ts:10	packages/containerhub-back/src/modules/services/services/__tests__/ServiceMutationAudit.test.ts:10	unchanged	packages/containerhub-back/src/modules/services/services/ServiceMutationAudit.ts:29 audita tras Docker; fallo del audit se registra pero no invalida mutación	packages/containerhub-back/src/modules/services/services/ServiceMutationAudit.ts:29 Mantener resultado Docker distinto de persistencia de auditoría; evitar refactor conductual
packages/containerhub-back/src/modules/services/services/ServiceService.ts	ea8d55b1fdbc0de8831f25875d8a1a7a5848be0b3a2e2e2381c65db61d956cf1	services	packages/containerhub-back/src/modules/services/routes/ServiceRoutes.ts:11	packages/containerhub-agent/src/agentProvisioningRoutes.ts:144	packages/containerhub-back/src/modules/services/services/__tests__/DistributedProvisioning.test.ts:34	blocked	packages/containerhub-back/src/modules/services/services/ServiceService.ts:83 un mismo módulo lista/muta servicios, tareas, terminal, stats, logs, redes y provisioning; packages/containerhub-back/src/modules/services/services/ServiceService.ts:645-655 updateNetwork elimina red antes de crear reemplazo (riesgo de pérdida ante error); revisión de puerta: La mezcla Docker servicios/tareas/stats/logs/redes/aprovisionamiento hace tentador extraer, pero ya existen ServiceSpec, ServiceFilters, ContainerStats, AgentHealthClient y AgentTerminalClient. Una partición adicional hoy obligaría a compartir la instancia Docker y utilidades de tarea/nodo o reexportar muchas APIs; no hay corte mínimo con beneficio neto demostrado. Además, la eliminación de red antes de crear otra es riesgo de pérdida funcional, no puede quedar disfrazado de legibilidad.	Corte no ejecutado; puerta: Pedir primero alcance funcional para semántica/rollback del updateNetwork cuando create falla, sin intervenirlo en este corte. Para aprobar una extracción concreta: inventariar imports/exports REST+GraphQL/monitoring y demostrar en GREEN de caracterización orden, payload, 404/503, auditoría y fallos parciales de una única sección; medir que el facade resultante reduce lectura sin una segunda instancia Docker ni dependencia circular. Verificar rutas en API y trabajador real aparte.
packages/containerhub-back/src/modules/services/services/ServiceSpec.ts	a56db92a0faa97fa0eef35ff1ee0de8e6a974bbb282406dd8fae47629b3180fb	services	packages/containerhub-back/src/modules/services/services/ServiceService.ts:181	packages/containerhub-back/src/modules/services/services/ServiceService.ts:183	packages/containerhub-back/src/modules/services/services/__tests__/ServiceCreate.test.ts:71	unchanged	packages/containerhub-back/src/modules/services/services/ServiceSpec.ts:159 convierte input validado a Docker Spec y preserva campos previos en update	packages/containerhub-back/src/modules/services/services/ServiceSpec.ts:159 Mantener módulo existente; no mover traducción a rutas
packages/containerhub-back/src/modules/services/services/TerminalSessionService.ts	755d56a30f53fdea55375c370341f7f673e1b19dfce1066b6d1878c82183c628	services	packages/containerhub-back/src/modules/services/routes/TerminalRoutes.ts:82	packages/containerhub-back/src/modules/services/routes/TerminalRoutes.ts:103	packages/containerhub-back/src/modules/services/services/__tests__/TerminalSessionService.test.ts:5	unchanged	packages/containerhub-back/src/modules/services/services/TerminalSessionService.ts:23 ticket aleatorio hash almacenado 60 s y consumido una vez	packages/containerhub-back/src/modules/services/services/TerminalSessionService.ts:23 Mantener registro single-process; exigir store atómico antes de múltiples réplicas, no refactor de lectura
packages/containerhub-back/src/modules/services/services/__tests__/AgentHealthClient.test.ts	d357e007858392819f9333911220d63d1bc3acb5b35f8823617c01679deb35bd	services	packages/containerhub-back/src/modules/services/services/AgentHealthClient.ts:87	packages/containerhub-back/src/modules/services/services/__tests__/AgentHealthClient.test.ts:8	packages/containerhub-back/src/modules/services/services/__tests__/AgentHealthClient.test.ts:8-97	unchanged	packages/containerhub-back/src/modules/services/services/__tests__/AgentHealthClient.test.ts:8 agent client resolves the requested node through Swarm DNSRR before using it; packages/containerhub-back/src/modules/services/services/__tests__/AgentHealthClient.test.ts:97 agent container request validates the node and running-container payload	packages/containerhub-back/src/modules/services/services/__tests__/AgentHealthClient.test.ts:97 Mantener DNSRR y casos de payload inválido; transporte real separado
packages/containerhub-back/src/modules/services/services/__tests__/ClusterSummary.test.ts	ed5c82bcfb2162b0a17e1d131fae75d4834f6e02c172f076211b93dfc3d553af	services	packages/containerhub-back/src/modules/services/services/ServiceService.ts:623	packages/containerhub-back/src/modules/services/services/__tests__/ClusterSummary.test.ts:31	packages/containerhub-back/src/modules/services/services/__tests__/ClusterSummary.test.ts:31-31	unchanged	packages/containerhub-back/src/modules/services/services/__tests__/ClusterSummary.test.ts:31 cluster summary preserves retained tasks, empty counts, permission and Docker failure semantics	packages/containerhub-back/src/modules/services/services/__tests__/ClusterSummary.test.ts:31 Mantener prueba de 403 y tareas históricas
packages/containerhub-back/src/modules/services/services/__tests__/ContainerStats.test.ts	3dcced732f01a84081d48a7f9045d65c421f088ab29e810486cfe3ad2203980f	services	packages/containerhub-back/src/modules/services/services/ContainerStats.ts:17	packages/containerhub-back/src/modules/services/services/__tests__/ContainerStats.test.ts:17	packages/containerhub-back/src/modules/services/services/__tests__/ContainerStats.test.ts:17-45	unchanged	packages/containerhub-back/src/modules/services/services/__tests__/ContainerStats.test.ts:17 normalizes legacy chart metrics with CPU deltas, total memory, every disk and interface; packages/containerhub-back/src/modules/services/services/__tests__/ContainerStats.test.ts:45 adapts normalized metrics to the legacy stats fields without dropping Docker data	packages/containerhub-back/src/modules/services/services/__tests__/ContainerStats.test.ts:45 Mantener faltantes/no finitos; no sustituir por cero
packages/containerhub-back/src/modules/services/services/__tests__/DistributedProvisioning.test.ts	01245fc6f013a08295261fc68d2a5da2796a96a6338893f7cd94fbc010516232	services	packages/containerhub-back/src/modules/services/services/ServiceService.ts:870	packages/containerhub-back/src/modules/services/services/__tests__/DistributedProvisioning.test.ts:34	packages/containerhub-back/src/modules/services/services/__tests__/DistributedProvisioning.test.ts:34-64	unchanged	packages/containerhub-back/src/modules/services/services/__tests__/DistributedProvisioning.test.ts:34 distributed provisioning does not report success when a worker fails; packages/containerhub-back/src/modules/services/services/__tests__/DistributedProvisioning.test.ts:64 legacy docker-devops host paths are provisioned at their configured host-volume root	packages/containerhub-back/src/modules/services/services/__tests__/DistributedProvisioning.test.ts:64 Mantener prueba de escapes/symlinks/hardlinks; worker real pendiente
packages/containerhub-back/src/modules/services/services/__tests__/DockerImageReference.test.ts	a641deaa0f94891bed3c78636c749926d4597c854a7f0e59d108475b561e3fea	services	packages/containerhub-back/src/modules/services/helpers/parseDockerImageReference.ts:11	packages/containerhub-back/src/modules/services/services/__tests__/DockerImageReference.test.ts:5	packages/containerhub-back/src/modules/services/services/__tests__/DockerImageReference.test.ts:5-41	unchanged	packages/containerhub-back/src/modules/services/services/__tests__/DockerImageReference.test.ts:5 parses a registry port without treating it as the image tag; packages/containerhub-back/src/modules/services/services/__tests__/DockerImageReference.test.ts:41 defaults an untagged image to latest	packages/containerhub-back/src/modules/services/services/__tests__/DockerImageReference.test.ts:41 Mantener digest/registry/untagged
packages/containerhub-back/src/modules/services/services/__tests__/DockerTerminalE2E.test.ts	a285b104541d54f7321eda8ef22b70da82c0f5bce655768dcdc75c5888cf882b	services	packages/containerhub-back/src/modules/services/services/ServiceService.ts:384	packages/containerhub-back/src/modules/services/services/__tests__/DockerTerminalE2E.test.ts:7	packages/containerhub-back/src/modules/services/services/__tests__/DockerTerminalE2E.test.ts:7-7	unchanged	packages/containerhub-back/src/modules/services/services/__tests__/DockerTerminalE2E.test.ts:7 executes the terminal proof inside the configured running task	packages/containerhub-back/src/modules/services/services/__tests__/DockerTerminalE2E.test.ts:7 No ejecutar sin DOCKER_TERMINAL_E2E=1 y task real; prueba de integración opt-in
packages/containerhub-back/src/modules/services/services/__tests__/DockerVersion.test.ts	dc8e9e25f238ed509bc57d88b2f766142b78a20c80a4fb202e74fc26de372ce7	services	packages/containerhub-back/src/modules/services/routes/ServiceRoutes.ts:162	packages/containerhub-back/src/modules/services/services/__tests__/DockerVersion.test.ts:16	packages/containerhub-back/src/modules/services/services/__tests__/DockerVersion.test.ts:16-16	unchanged	packages/containerhub-back/src/modules/services/services/__tests__/DockerVersion.test.ts:16 Docker version endpoint returns the legacy fields to a user with DOCKER_VIEW	packages/containerhub-back/src/modules/services/services/__tests__/DockerVersion.test.ts:16 Mantener respuesta legacy y 403
packages/containerhub-back/src/modules/services/services/__tests__/DockerodeTypes.test.ts	a5321c96b758ded165d4377bc38cf071ae1112d25cbafcf3feae52d43711211e	services	packages/containerhub-back/src/modules/services/helpers/mapInspectToServiceModel.ts:103	packages/containerhub-back/src/modules/services/services/__tests__/DockerodeTypes.test.ts:10	packages/containerhub-back/src/modules/services/services/__tests__/DockerodeTypes.test.ts:10-10	unchanged	packages/containerhub-back/src/modules/services/services/__tests__/DockerodeTypes.test.ts:10 uses the upstream Dockerode service type	packages/containerhub-back/src/modules/services/services/__tests__/DockerodeTypes.test.ts:10 Smoke de tipo upstream, no prueba conducta; no ampliar sin cambio de dependencia
packages/containerhub-back/src/modules/services/services/__tests__/GhostContainers.test.ts	1b7fca731ae1660095c85008e9f2dcc2a0c7b1df4849c3895ed2fef962f6d463	services	packages/containerhub-back/src/modules/services/services/ServiceService.ts:683	packages/containerhub-back/src/modules/services/services/__tests__/GhostContainers.test.ts:82	packages/containerhub-back/src/modules/services/services/__tests__/GhostContainers.test.ts:82-148	unchanged	packages/containerhub-back/src/modules/services/services/__tests__/GhostContainers.test.ts:82 ghost reconciliation excludes a healthy Swarm task and returns orphan running containers with their node; packages/containerhub-back/src/modules/services/services/__tests__/GhostContainers.test.ts:148 ghost endpoint returns the reconciled read-only list to a user with DOCKER_VIEW	packages/containerhub-back/src/modules/services/services/__tests__/GhostContainers.test.ts:148 Mantener down-node y 503 sin fallback local
packages/containerhub-back/src/modules/services/services/__tests__/ServiceCreate.test.ts	be90df500383df268e4c5a313e845975acd998715e3d9d5fbe4f42e23dc2b8ad	services	packages/containerhub-back/src/modules/services/services/ServiceService.ts:179	packages/containerhub-back/src/modules/services/services/__tests__/ServiceCreate.test.ts:63	packages/containerhub-back/src/modules/services/services/__tests__/ServiceCreate.test.ts:63-163	unchanged	packages/containerhub-back/src/modules/services/services/__tests__/ServiceCreate.test.ts:63 create service inspects and audits the lowercase id returned by Dockerode; packages/containerhub-back/src/modules/services/services/__tests__/ServiceCreate.test.ts:163 create service route preserves the Drax validation response with Fastify validation disabled	packages/containerhub-back/src/modules/services/services/__tests__/ServiceCreate.test.ts:163 Mantener orden validate→network→create→audit; falta caracterización multi-nodo real
packages/containerhub-back/src/modules/services/services/__tests__/ServiceFilters.test.ts	f543ecdd0dacb37c0f8139a4c98e9660547eb235a0a04c980f8cfde2875e0ffd	services	packages/containerhub-back/src/modules/services/services/ServiceFilters.ts:33	packages/containerhub-back/src/modules/services/services/__tests__/ServiceFilters.test.ts:5	packages/containerhub-back/src/modules/services/services/__tests__/ServiceFilters.test.ts:5-5	unchanged	packages/containerhub-back/src/modules/services/services/__tests__/ServiceFilters.test.ts:5 pure filter module retains parsing and matching without Docker	packages/containerhub-back/src/modules/services/services/__tests__/ServiceFilters.test.ts:5 Es prueba mínima de import puro; no acredita cada operador
packages/containerhub-back/src/modules/services/services/__tests__/ServiceHttpCompatibility.test.ts	3d3081469ea9927e5588b8a0c85c41f5a5b472eefb5c3abe3f7e6f8dd8f2e722	services	packages/containerhub-back/src/modules/services/services/ServiceService.ts:142	packages/containerhub-back/src/modules/services/services/__tests__/ServiceHttpCompatibility.test.ts:61	packages/containerhub-back/src/modules/services/services/__tests__/ServiceHttpCompatibility.test.ts:61-108	unchanged	packages/containerhub-back/src/modules/services/services/__tests__/ServiceHttpCompatibility.test.ts:61 missing service returns 404 instead of an internal error; packages/containerhub-back/src/modules/services/services/__tests__/ServiceHttpCompatibility.test.ts:108 legacy service list reveals configuration only to the dedicated permission	packages/containerhub-back/src/modules/services/services/__tests__/ServiceHttpCompatibility.test.ts:108 Mantener distinción 404/503 y redacción por permiso
packages/containerhub-back/src/modules/services/services/__tests__/ServiceInspectCompatibility.test.ts	38fab2fc8e96bfcc0ce1a3d98f673d42155fb346caf236216a7606b77220fcdc	services	packages/containerhub-back/src/modules/services/helpers/mapInspectToServiceModel.ts:146	packages/containerhub-back/src/modules/services/services/__tests__/ServiceInspectCompatibility.test.ts:48	packages/containerhub-back/src/modules/services/services/__tests__/ServiceInspectCompatibility.test.ts:48-92	unchanged	packages/containerhub-back/src/modules/services/services/__tests__/ServiceInspectCompatibility.test.ts:48 maps the Docker-recoverable legacy discovery fields; packages/containerhub-back/src/modules/services/services/__tests__/ServiceInspectCompatibility.test.ts:92 reveals legacy environment and label values only when explicitly requested	packages/containerhub-back/src/modules/services/services/__tests__/ServiceInspectCompatibility.test.ts:92 Mantener mapping de legacy/redacción; no prueba API
packages/containerhub-back/src/modules/services/services/__tests__/ServiceLogs.test.ts	9fa254733b3d581f6612f94320d4a4f5969f3daaab1cf7d3329085c06f8ed935	services	packages/containerhub-back/src/modules/services/services/ServiceService.ts:551	packages/containerhub-back/src/modules/services/services/__tests__/ServiceLogs.test.ts:47	packages/containerhub-back/src/modules/services/services/__tests__/ServiceLogs.test.ts:47-112	unchanged	packages/containerhub-back/src/modules/services/services/__tests__/ServiceLogs.test.ts:47 service logs select the normalized running task id; packages/containerhub-back/src/modules/services/services/__tests__/ServiceLogs.test.ts:112 service logs deny an unauthenticated request	packages/containerhub-back/src/modules/services/services/__tests__/ServiceLogs.test.ts:112 Mantener 401/403/null; WS streaming requiere prueba aparte
packages/containerhub-back/src/modules/services/services/__tests__/ServiceMutationAudit.test.ts	2e11eefa88f08d6c9c92eb8ce0b0f026277313d60095e76f2a0a40cc259b52a3	services	packages/containerhub-back/src/modules/services/services/ServiceMutationAudit.ts:29	packages/containerhub-back/src/modules/services/services/__tests__/ServiceMutationAudit.test.ts:10	packages/containerhub-back/src/modules/services/services/__tests__/ServiceMutationAudit.test.ts:10-10	unchanged	packages/containerhub-back/src/modules/services/services/__tests__/ServiceMutationAudit.test.ts:10 service mutation audit survives a real SQLite read	packages/containerhub-back/src/modules/services/services/__tests__/ServiceMutationAudit.test.ts:10 SQLite temporal real pero auditoría puede suprimir errores; contrastar logs si se cambia
packages/containerhub-back/src/modules/services/services/__tests__/ServiceRemove.test.ts	7c88e7f167dc692d56649fd217e216888e5e4d4a25eea2cbb943a7df6e9f8cb0	services	packages/containerhub-back/src/modules/services/services/ServiceService.ts:254	packages/containerhub-back/src/modules/services/services/__tests__/ServiceRemove.test.ts:48	packages/containerhub-back/src/modules/services/services/__tests__/ServiceRemove.test.ts:48-131	unchanged	packages/containerhub-back/src/modules/services/services/__tests__/ServiceRemove.test.ts:48 remove many reports each service success and failure without aborting the batch; packages/containerhub-back/src/modules/services/services/__tests__/ServiceRemove.test.ts:131 remove selected requires DOCKER_REMOVE	packages/containerhub-back/src/modules/services/services/__tests__/ServiceRemove.test.ts:131 Mantener resultados parciales/audit failure y permisos
packages/containerhub-back/src/modules/services/services/__tests__/ServiceRestart.test.ts	dea347b30611168e784d6f90da83bba8feca2e91c4041c9c8569b7cc2b5f4a50	services	packages/containerhub-back/src/modules/services/services/ServiceService.ts:227	packages/containerhub-back/src/modules/services/services/__tests__/ServiceRestart.test.ts:47	packages/containerhub-back/src/modules/services/services/__tests__/ServiceRestart.test.ts:47-106	unchanged	packages/containerhub-back/src/modules/services/services/__tests__/ServiceRestart.test.ts:47 restart many reports each service success, warning and failure without aborting the batch; packages/containerhub-back/src/modules/services/services/__tests__/ServiceRestart.test.ts:106 restart selected requires DOCKER_RESTART	packages/containerhub-back/src/modules/services/services/__tests__/ServiceRestart.test.ts:106 Mantener restart parcial/warnings y permiso
packages/containerhub-back/src/modules/services/services/__tests__/ServiceService.test.ts	c9c61eb7028b07b4401dc86f3bb97cffa15fbc360b4b6aa8182429176c0b3f06	services	packages/containerhub-back/src/modules/services/services/ServiceFilters.ts:62	packages/containerhub-back/src/modules/services/services/__tests__/ServiceService.test.ts:17	packages/containerhub-back/src/modules/services/services/__tests__/ServiceService.test.ts:17-23	unchanged	packages/containerhub-back/src/modules/services/services/__tests__/ServiceService.test.ts:17 sorts services by image name with tag; packages/containerhub-back/src/modules/services/services/__tests__/ServiceService.test.ts:23 parses and applies every Drax dynamic filter operator	packages/containerhub-back/src/modules/services/services/__tests__/ServiceService.test.ts:23 Mantener operadores Drax; prueba actual no recorre HTTP/paginación
packages/containerhub-back/src/modules/services/services/__tests__/ServiceUpdate.test.ts	992dbbdbe9ed63a220ecc65f2a89a6ac8ec8e672dfcb9777bf89612de39a604e	services	packages/containerhub-back/src/modules/services/services/ServiceService.ts:189	packages/containerhub-back/src/modules/services/services/__tests__/ServiceUpdate.test.ts:55	packages/containerhub-back/src/modules/services/services/__tests__/ServiceUpdate.test.ts:55-117	unchanged	packages/containerhub-back/src/modules/services/services/__tests__/ServiceUpdate.test.ts:55 update service sends Docker version with legacy resource and rollout policies; packages/containerhub-back/src/modules/services/services/__tests__/ServiceUpdate.test.ts:117 update service rejects malformed input before inspecting Docker	packages/containerhub-back/src/modules/services/services/__tests__/ServiceUpdate.test.ts:117 Mantener partial/update/null y versión Docker
packages/containerhub-back/src/modules/services/services/__tests__/TaskContract.test.ts	b8f0f793c0e003d8d2d301077cfc2da9fab9353645e85e428783ee016b77e34c	services	packages/containerhub-back/src/modules/services/services/ServiceService.ts:336	packages/containerhub-back/src/modules/services/services/__tests__/TaskContract.test.ts:5	packages/containerhub-back/src/modules/services/services/__tests__/TaskContract.test.ts:5-25	unchanged	packages/containerhub-back/src/modules/services/services/__tests__/TaskContract.test.ts:5 maps a Docker task to the terminal-safe selected task model; packages/containerhub-back/src/modules/services/services/__tests__/TaskContract.test.ts:25 keeps a task without a container visible but not terminal-capable	packages/containerhub-back/src/modules/services/services/__tests__/TaskContract.test.ts:25 Mantener tarea pendiente visible sin terminal
packages/containerhub-back/src/modules/services/services/__tests__/TaskInspect.test.ts	d9d5de60aeb4c70609dd5e3859400a334d5942e7ea81f635b29ede04d7392a28	services	packages/containerhub-back/src/modules/services/services/ServiceService.ts:277	packages/containerhub-back/src/modules/services/services/__tests__/TaskInspect.test.ts:36	packages/containerhub-back/src/modules/services/services/__tests__/TaskInspect.test.ts:36-36	blocked	packages/containerhub-back/src/modules/services/services/__tests__/TaskInspect.test.ts:36 task inspect requires DOCKER_VIEW, redacts secret values and reports missing tasks	packages/containerhub-back/src/modules/services/services/__tests__/TaskInspect.test.ts:36 Lectura incompleta por valores enmascarados en fixture y esperado; no declarar revisado
packages/containerhub-back/src/modules/services/services/__tests__/TaskInspectRedaction.test.ts	f929f888ff214e6278b02a37cc69136b056fad682d0be230e64df7414441bd7c	services	packages/containerhub-back/src/modules/services/services/ServiceService.ts:284	packages/containerhub-back/src/modules/services/services/__tests__/TaskInspectRedaction.test.ts:5	packages/containerhub-back/src/modules/services/services/__tests__/TaskInspectRedaction.test.ts:5-5	unchanged	packages/containerhub-back/src/modules/services/services/__tests__/TaskInspectRedaction.test.ts:5 task inspect redaction hides every environment and label value without mutating Docker data	packages/containerhub-back/src/modules/services/services/__tests__/TaskInspectRedaction.test.ts:5 Mantener redacción inmutable con Env/Labels/Args
packages/containerhub-back/src/modules/services/services/__tests__/TaskLogs.test.ts	034c9d25d74df643fa026ad3b21d24525795e612013d74f240f0ef1e7cf47681	services	packages/containerhub-back/src/modules/services/services/ServiceService.ts:448	packages/containerhub-back/src/modules/services/services/__tests__/TaskLogs.test.ts:13	packages/containerhub-back/src/modules/services/services/__tests__/TaskLogs.test.ts:13-39	unchanged	packages/containerhub-back/src/modules/services/services/__tests__/TaskLogs.test.ts:13 decodes complete Docker multiplexed task logs without header bytes; packages/containerhub-back/src/modules/services/services/__tests__/TaskLogs.test.ts:39 accepts bounded positive task log tails	packages/containerhub-back/src/modules/services/services/__tests__/TaskLogs.test.ts:39 Falta caracterizar stream error/fragmentos UTF-8 antes de tocar decoder
packages/containerhub-back/src/modules/services/services/__tests__/TaskStats.test.ts	d47eb43f53c0a2dd2794b84648b26d604721b6eb5fdd0f508819ec45b07c7cd2	services	packages/containerhub-back/src/modules/services/services/ServiceService.ts:388	packages/containerhub-back/src/modules/services/services/__tests__/TaskStats.test.ts:54	packages/containerhub-back/src/modules/services/services/__tests__/TaskStats.test.ts:54-68	unchanged	packages/containerhub-back/src/modules/services/services/__tests__/TaskStats.test.ts:54 task stats select the task node while preserving local daemon access; packages/containerhub-back/src/modules/services/services/__tests__/TaskStats.test.ts:68 stats endpoint enforces permission and returns 503 rather than local fallback when the worker fails	packages/containerhub-back/src/modules/services/services/__tests__/TaskStats.test.ts:68 Mantener sin fallback remoto y 503
packages/containerhub-back/src/modules/services/services/__tests__/TaskTerminalRouting.test.ts	fcd95bc2c1f2bc7683286ee52488e4a8986b138c8d11369accf6f30400e4ac92	services	packages/containerhub-back/src/modules/services/services/ServiceService.ts:356	packages/containerhub-back/src/modules/services/services/__tests__/TaskTerminalRouting.test.ts:31	packages/containerhub-back/src/modules/services/services/__tests__/TaskTerminalRouting.test.ts:31-31	unchanged	packages/containerhub-back/src/modules/services/services/__tests__/TaskTerminalRouting.test.ts:31 task terminal routes remote tasks by node and container; keeps local exec and rejects stopped tasks/shells	packages/containerhub-back/src/modules/services/services/__tests__/TaskTerminalRouting.test.ts:31 Mantener ruteo local/remoto y rechazo de shell/tarea detenida
packages/containerhub-back/src/modules/services/services/__tests__/TerminalSessionService.test.ts	dd6ae3ad9c8443f25253beb8ca5f917cf2b7b8444b7a8e1f6205b33f8335beaa	services	packages/containerhub-back/src/modules/services/services/TerminalSessionService.ts:17	packages/containerhub-back/src/modules/services/services/__tests__/TerminalSessionService.test.ts:5	packages/containerhub-back/src/modules/services/services/__tests__/TerminalSessionService.test.ts:5-24	unchanged	packages/containerhub-back/src/modules/services/services/__tests__/TerminalSessionService.test.ts:5 consumes a terminal ticket once while preserving its owner binding; packages/containerhub-back/src/modules/services/services/__tests__/TerminalSessionService.test.ts:24 only permits supported interactive shells	packages/containerhub-back/src/modules/services/services/__tests__/TerminalSessionService.test.ts:24 Mantener expira/un uso; multi-proceso no probado
packages/containerhub-front/src/cruds/ServiceCrud.ts	1d637beaabeb4f4fd43fcb76ec3ab65398fdaeee2b778defa9f34ab8c9683aa3	services	packages/containerhub-front/src/pages/services/ServicesPage.vue:154	packages/containerhub-back/src/modules/services/routes/ServiceRoutes.ts:79	packages/containerhub-front/src/pages/services/__tests__/ServicesTasks.test.ts:5	blocked	packages/containerhub-front/src/cruds/ServiceCrud.ts:44 provider serializa filtros; fetchAll alimenta opciones de stack/imagen	packages/containerhub-front/src/cruds/ServiceCrud.ts:44 Lectura bloqueada en authHeader: no decidir extracción hasta acceso íntegro permitido
packages/containerhub-front/src/cruds/ServiceFilterOptions.ts	2f94292b34e0258260fbe0616099ef62dbe06955fac55bc9d8ad3e17d334ff17	services	packages/containerhub-front/src/cruds/ServiceCrud.ts:131	packages/containerhub-front/src/pages/services/ServicesPage.vue:185	packages/containerhub-front/src/pages/services/__tests__/ServicesTasks.test.ts:71	unchanged	packages/containerhub-front/src/cruds/ServiceFilterOptions.ts:6 deduplica/sort de stacks y nombres de imagen para selects	packages/containerhub-front/src/cruds/ServiceFilterOptions.ts:6 Mantener helper puro compartido con ServiceCrud
packages/containerhub-front/src/pages/logs/TaskLogsPage.vue	c88072656e9fc3297a80ed385b6dace6f2abf5b535eef93be8506f17848656f7	services	packages/containerhub-front/src/pages/services/ServicesPage.vue:241	packages/containerhub-back/src/modules/services/routes/ServiceRoutes.ts:138	packages/containerhub-front/src/pages/services/__tests__/ServicesTasks.test.ts:5	unchanged	packages/containerhub-front/src/pages/logs/TaskLogsPage.vue:69 reconnect cierra socket previo y sólo sus eventos alteran estado; SettingsApi limita tail	packages/containerhub-front/src/pages/logs/TaskLogsPage.vue:69 Mantener dueño WS local; caracterizar reconexión/error con UI real antes de mover
packages/containerhub-front/src/pages/services/ServiceTasksPanel.vue	0826104085a7524e25c1de6a1e27e3e1236dbda364cfacaadcf506a631ec76f1	services	packages/containerhub-front/src/pages/services/ServicesPage.vue:94	packages/containerhub-front/src/pages/services/ServicesPage.vue:256	packages/containerhub-front/src/pages/services/__tests__/ServicesTasks.test.ts:5	unchanged	packages/containerhub-front/src/pages/services/ServiceTasksPanel.vue:64 panel sólo presenta tareas, decide visibilidad y emite cinco acciones al padre	packages/containerhub-front/src/pages/services/ServiceTasksPanel.vue:64 Mantener componente de presentación; no duplicar fetching ni permisos
packages/containerhub-front/src/pages/services/ServicesPage.vue	f40aa6cc148e919a50075f86c206ce3cd541583108d7b9347c4167236eab49cc	services	packages/containerhub-front/src/cruds/ServiceCrud.ts:44	packages/containerhub-back/src/modules/services/routes/ServiceRoutes.ts:111	packages/containerhub-front/src/pages/services/__tests__/ServicesTasks.test.ts:44	unchanged	packages/containerhub-front/src/pages/services/ServicesPage.vue:198 vista posee tabla/filtros, carga tareas/nodos, batch restart/remove, links y tickets; revisión de puerta: La tabla, los filtros y la selección pertenecen a la página; ServiceTasksPanel ya separa presentación de tareas y los helpers de filtro/contrato ya existen. Extraer restart/remove duplica refs o introduce muchas props/events para dos acciones con mensajes distintos. Riesgo de romper gating, resultados parciales y refresco; beneficio neto insuficiente.	Conservar límite actual. Sólo reconsiderar extracción si una nueva acción añade una responsabilidad independiente: mismo escenario Playwright antes/después con respuestas interceptadas, permisos separados, error/resultado parcial, selección, refresh y conteo/orden de peticiones. Live auth/backend/Swarm y mutaciones destructivas requieren fixture y autorización independientes.
packages/containerhub-front/src/pages/services/TaskInspectPage.vue	e184e8a198b9c72d67a12bce8d798ae2db416a25975c6da8dcd6576712fa760a	services	packages/containerhub-front/src/pages/services/ServiceTasksPanel.vue:17	packages/containerhub-back/src/modules/services/routes/ServiceRoutes.ts:121	packages/containerhub-front/src/pages/services/__tests__/taskInspectTree.test.ts:5	unchanged	packages/containerhub-front/src/pages/services/TaskInspectPage.vue:111 fetch inspect con secuencia, fallback service ID y alerta stale; tree/JSON se derivan del payload	packages/containerhub-front/src/pages/services/TaskInspectPage.vue:111 Mantener request y estado en la página; agregar prueba de error/fallback antes de extracción
packages/containerhub-front/src/pages/services/TaskStatisticsPage.vue	e1b3dab8e5308ffaffebd029bc96423bf8fe46b0a63da1a69ec1a031a3c9fcc0	services	packages/containerhub-front/src/pages/services/ServiceTasksPanel.vue:18	packages/containerhub-back/src/modules/services/services/ServiceService.ts:388	packages/containerhub-front/src/pages/services/__tests__/TaskStatisticsPage.test.ts:14	unchanged	packages/containerhub-front/src/pages/services/TaskStatisticsPage.vue:93 poll usa timeout tras respuesta y secuencia para ignorar viejas; helper limita muestras	packages/containerhub-front/src/pages/services/TaskStatisticsPage.vue:93 Mantener polling en página; prueba actual del temporizador es regex, no demuestra teardown
packages/containerhub-front/src/pages/services/TaskTerminalPage.vue	3d4e888d56ddcabac79b4e5d65bacb900295c82d358ea65d0fca79fe5a349c3c	services	packages/containerhub-front/src/pages/services/ServicesPage.vue:256	packages/containerhub-back/src/modules/services/routes/TerminalRoutes.ts:77	packages/containerhub-front/src/pages/services/__tests__/ServicesTasks.test.ts:34	blocked	packages/containerhub-front/src/pages/services/TaskTerminalPage.vue:120 ticket consumido, WS ready y terminal xterm; retry pide ticket nuevo y teardown dispone recursos; revisión de puerta: La selección de teclado, input xterm, ResizeObserver, WebSocket, ticket de un uso y retry comparten terminal/socket y teardown; separar composable ahora crea interfaz de callbacks y estado duplicado. Existe valor potencial al aislar teclado si se demuestra un límite puro, pero el comportamiento navegador (especialmente selección/clipboard, reconexión y resize) no está caracterizado con suficiente amplitud. Riesgo alto; no aprobar por longitud.	Corte no ejecutado; puerta: Antes de proponer mover teclado o conexión, correr misma prueba de navegador antes/después con backend coherente o WS interceptado: ready/binario, Unicode/Ctrl+S, selección/copy/paste, resize, error/retry que obtiene ticket nuevo y unmount sin socket/observer vivo; afirmar orden/conteo de solicitudes y comprobar consola. El spec live exige login/task real autorizado; tests textuales y WS backend simulado no lo sustituyen. Sólo aprobar si la frontera resultante elimina estado de página sin propagar callbacks.
packages/containerhub-front/src/pages/services/__tests__/ServicesTasks.test.ts	3e6ca8714db02ba2c47d114de903a11beefaeaeabdc02287a952cd716a6cf51c	services	packages/containerhub-front/src/pages/services/ServicesPage.vue:198	packages/containerhub-front/src/pages/services/__tests__/ServicesTasks.test.ts:5	packages/containerhub-front/src/pages/services/__tests__/ServicesTasks.test.ts:5-71	unchanged	packages/containerhub-front/src/pages/services/__tests__/ServicesTasks.test.ts:5 services retain the original expandable task list and separate logs page; packages/containerhub-front/src/pages/services/__tests__/ServicesTasks.test.ts:71 service images link to Registry and accept image deep-link filters	packages/containerhub-front/src/pages/services/__tests__/ServicesTasks.test.ts:71 Regex sobre fuente no prueba comportamiento; E2E services-readability cubre expansión, falta error WS y batch
packages/containerhub-front/src/pages/services/__tests__/TaskStatisticsPage.test.ts	f55975a26ae7c38bdef9c8707a363375995ef9adce5566c2c106165b1afc2d94	services	packages/containerhub-front/src/pages/services/taskStatistics.ts:14	packages/containerhub-front/src/pages/services/__tests__/TaskStatisticsPage.test.ts:14	packages/containerhub-front/src/pages/services/__tests__/TaskStatisticsPage.test.ts:14-27	unchanged	packages/containerhub-front/src/pages/services/__tests__/TaskStatisticsPage.test.ts:14 task statistics keeps a bounded sample history and maps supported polling intervals; packages/containerhub-front/src/pages/services/__tests__/TaskStatisticsPage.test.ts:27 services expose a protected task statistics page with bounded polling teardown	packages/containerhub-front/src/pages/services/__tests__/TaskStatisticsPage.test.ts:27 Helpers ejecutados; teardown de página sólo regex, prueba UI necesaria
packages/containerhub-front/src/pages/services/__tests__/taskContract.test.ts	1fd0437f16baefd25599284b4fc5ea627d3b5f8550ab19227be5d9570c901d10	services	packages/containerhub-front/src/pages/services/taskContract.ts:20	packages/containerhub-front/src/pages/services/__tests__/taskContract.test.ts:5	packages/containerhub-front/src/pages/services/__tests__/taskContract.test.ts:5-28	unchanged	packages/containerhub-front/src/pages/services/__tests__/taskContract.test.ts:5 normalizes legacy Docker task payloads for task actions; packages/containerhub-front/src/pages/services/__tests__/taskContract.test.ts:28 rejects task payloads without an identifier	packages/containerhub-front/src/pages/services/__tests__/taskContract.test.ts:28 Mantener contratos Docker/normalizado/sin ID
packages/containerhub-front/src/pages/services/__tests__/taskInspectTree.test.ts	ff36d31e1c98453467ef5aff10c05374d1546485acd703059c8075297f5932a5	services	packages/containerhub-front/src/pages/services/taskInspectTree.ts:3	packages/containerhub-front/src/pages/services/__tests__/taskInspectTree.test.ts:5	packages/containerhub-front/src/pages/services/__tests__/taskInspectTree.test.ts:5-5	unchanged	packages/containerhub-front/src/pages/services/__tests__/taskInspectTree.test.ts:5 inspect tree preserves types, empty values, multiline strings and stable distinct paths	packages/containerhub-front/src/pages/services/__tests__/taskInspectTree.test.ts:5 Mantener rutas JSON para claves repetidas y valores vacíos
packages/containerhub-front/src/pages/services/taskContract.ts	613a0a2be0681c9e56e3792844a739e895a502ff52cdf72663b7d1dd40443714	services	packages/containerhub-front/src/pages/services/ServicesPage.vue:209	packages/containerhub-front/src/pages/services/ServiceTasksPanel.vue:9	packages/containerhub-front/src/pages/services/__tests__/taskContract.test.ts:5	unchanged	packages/containerhub-front/src/pages/services/taskContract.ts:20 normaliza shape Docker legacy o actual y descarta tarea sin ID	packages/containerhub-front/src/pages/services/taskContract.ts:20 Mantener helper puro; test de legacy/normalizado existe
packages/containerhub-front/src/pages/services/taskInspectTree.ts	89ec60a153a9b1d395d456c8fbe3eaeee9d7e7dcc0f74db74fe6ac43c8c88e82	services	packages/containerhub-front/src/pages/services/TaskInspectPage.vue:77	packages/containerhub-front/src/pages/services/TaskInspectPage.vue:37	packages/containerhub-front/src/pages/services/__tests__/taskInspectTree.test.ts:5	unchanged	packages/containerhub-front/src/pages/services/taskInspectTree.ts:3 IDs JSON de rutas preservan claves anidadas y tipos en árbol	packages/containerhub-front/src/pages/services/taskInspectTree.ts:3 Mantener transformación pura junto al consumidor
packages/containerhub-front/src/pages/services/taskStatistics.ts	5e6a96aa00116bd6d6ded92b6b169e80a5cc08512e360531b37dcd72901a357b	services	packages/containerhub-front/src/pages/services/TaskStatisticsPage.vue:50	packages/containerhub-front/src/pages/services/TaskStatisticsPage.vue:75	packages/containerhub-front/src/pages/services/__tests__/TaskStatisticsPage.test.ts:14	unchanged	packages/containerhub-front/src/pages/services/taskStatistics.ts:20 muestra limitada a 25 y sparkline SVG con valores ausentes omitidos	packages/containerhub-front/src/pages/services/taskStatistics.ts:20 Mantener cálculo puro; no añadir biblioteca gráfica
packages/containerhub-front/src/pages/services/terminalTickets.ts	dc32b71cb7612b6d8fdaf0558358c470563108d2017b7674ed4d44ab040f8a76	services	packages/containerhub-front/src/pages/services/ServicesPage.vue:258	packages/containerhub-front/src/pages/services/TaskTerminalPage.vue:160	packages/containerhub-front/src/pages/services/__tests__/ServicesTasks.test.ts:34	unchanged	packages/containerhub-front/src/pages/services/terminalTickets.ts:5 mapa en memoria de tickets de un uso entre navegación y terminal	packages/containerhub-front/src/pages/services/terminalTickets.ts:5 Mantener paso efímero; caracterizar navegación/retry si cambia arquitectura de páginas
packages/containerhub-back/src/factories/AuthenticationHeaders.ts	69776cf32de72196e78bd5a3d02214fa9952c92eead572682cd194ec3ad744da	back-integrations	index.ts:6	promoteBearerApiKey in factory:113; x-api-key middleware:123	factories/__tests__/AuthenticationHeaders.test.ts:7-24	unchanged	packages/containerhub-back/src/factories/AuthenticationHeaders.ts:3-9	Keep single compatibility adapter; preserve precedence.
packages/containerhub-back/src/factories/GraphQLSchema.ts	acede525eeee75bea9a24d59ff46396c4967f418fdb43b5520bac7edbb19d2a5	back-integrations	index.ts:8; YogaFastifyServerFactory.ts:16	GraphQL schema and resolvers loaded by YogaFastifyServer.ts:11-20	factories/__tests__/YogaFastifyServerFactory.test.ts:21-61 (OpenAPI only)	unchanged	packages/containerhub-back/src/factories/GraphQLSchema.ts:6-14	Keep loader localized; GraphQL real integration not exercised here.
packages/containerhub-back/src/factories/YogaFastifyServerFactory.ts	5733c7c8b9f68fffd58fee63517227836581392ed8818647f899527a8f83b187	back-integrations	index.ts:8; factories/__tests__/YogaFastifyServerFactory.test.ts:22	Fastify middleware, Swagger, REST routes and Yoga server	factories/__tests__/YogaFastifyServerFactory.test.ts:21-61; ApiKeyAuthentication.test.ts:15-113	refactored	packages/containerhub-back/src/factories/YogaFastifyServerFactory.ts:92-149; revisión de puerta: Sólo aislar la transformación Swagger dentro del mismo archivo; no dividir el factory ni mover los hooks de autenticación, WebSocket o el orden de registro. La extracción mecánica acorta el bloque de composición sin cambiar su contrato.	Corte local f626048; pruebas focales y compilación GREEN. No API real
packages/containerhub-back/src/factories/__tests__/ApiKeyAuthentication.test.ts	d124866446b2760b82fa91455aca31461ea841ac03fbc39af2ac3278e8c7293e	back-integrations	/api/auth/login to /api/services/health and key deletion	JWT/API-key middleware and protected service response	self:15-113	blocked	packages/containerhub-back/src/factories/__tests__/ApiKeyAuthentication.test.ts:15-113; packages/containerhub-back/src/factories/__tests__/ApiKeyAuthentication.test.ts:48,59,73,90,105 (masked)	Masked credential/permission fragments prevent whole-file review; do not bypass masking; resume only through authorized review.
packages/containerhub-back/src/factories/__tests__/AuditSection.test.ts	e464456a4e1f501a6665cfcde37eb9d531ba7a3f0baae9d9cd0a4a0003d1eb26	back-integrations	SetupContainerHub.ts imports; /api/audits injection	persisted audit read, denied role 403, anonymous 401	self:11-93	blocked	packages/containerhub-back/src/factories/__tests__/AuditSection.test.ts:11-93; packages/containerhub-back/src/factories/__tests__/AuditSection.test.ts:70,82 (masked)	Masked credential/permission fragments prevent whole-file review; do not bypass masking; resume only through authorized review.
packages/containerhub-back/src/factories/__tests__/AuthenticationHeaders.test.ts	ecebc40c8ea8ea90a159e7318b903757ed6fa659bcc216d00f66d82136291f36	back-integrations	factory onRequest hook; Bearer API key	header promotion, explicit key precedence, JWT intact	self:7-24	blocked	packages/containerhub-back/src/factories/__tests__/AuthenticationHeaders.test.ts:7-24; packages/containerhub-back/src/factories/__tests__/AuthenticationHeaders.test.ts:8,19 (masked)	Masked credential/permission fragments prevent whole-file review; do not bypass masking; resume only through authorized review.
packages/containerhub-back/src/factories/__tests__/YogaFastifyServerFactory.test.ts	ab72cca15193f97237ef44a08892b0b007ac21e4c10c81c38452f18b7fa4f021	back-integrations	YogaFastifyServerFactory.ts swagger register	OpenAPI paths, security and /documentation	self:21-61	unchanged	packages/containerhub-back/src/factories/__tests__/YogaFastifyServerFactory.test.ts:21-61; Caracterización de parámetro id, seguridad y 200 de tag-pipeline GREEN antes/después del corte; tests vecinos 6/6, tsc 0 (f626048).; Metadata tag required y pattern conservados en OpenAPI; test focal 6/6 y tsc 0 (6a14f9a).	Keep spec assertions; no request validation proof.
packages/containerhub-back/src/index.ts	493f7b129ae22376f2eb925b6c6350282d884b1899ebb66d213e6d8010ecb6c6	back-integrations	process startup	setup, optional static, monitoring manager, /status, listen	setup/__tests__/SetupContainerHub.test.ts:101-135; servers/__tests__/FrontendStatic.test.ts:9-31	unchanged	packages/containerhub-back/src/index.ts:1-20	Keep sequential bootstrap ownership; runtime startup not exercised here.
packages/containerhub-back/src/modules/gitlab/routes/GitLabRoutes.ts	545fec0968f2016d2146a77f8de6b46103bc6e5dae9c542f0657d91974b543e3	back-integrations	YogaFastifyServerFactory.ts:141; GitLabProjectsCrud.ts:25	requirePermission DOCKER_VIEW; fetchProjects/tags/tag-pipeline	modules/gitlab/routes/__tests__/GitLabRoutes.test.ts:5-42 (Fastify inject); factories/__tests__/YogaFastifyServerFactory.test.ts:42	unchanged	packages/containerhub-back/src/modules/gitlab/routes/GitLabRoutes.ts:6-28	No route extraction; route regex is not permission/error integration proof.
packages/containerhub-back/src/modules/gitlab/routes/__tests__/GitLabRoutes.test.ts	b08ce47b07b2172dbff1091a486fff35c65b1f82188367aea1991fdb7285ce86	back-integrations	GitLabRoutes.ts:27	source-text assertions only; no request/effect verification	self:5-15	refactored	packages/containerhub-back/src/modules/gitlab/routes/__tests__/GitLabRoutes.test.ts:5-42; revisión de puerta: Sustituir el único test regex de fuente por una caracterización inyectada de la ruta: la prueba actual puede pasar aunque autorización, forwarding o respuesta fallen. Es un corte sólo de test, no una corrección funcional encubierta.; Ausencia de endpoint container-scan verificada por 404 inyectado, no regex; test focal 6/6 y tsc 0 (6a14f9a).	Corte local cee4db3; pruebas focales y compilación GREEN. No API real
packages/containerhub-back/src/modules/gitlab/services/GitLabService.ts	dc1ee54ed2e5c1997f1a7f8dbfd44ae6497f7695f8b99cdea16013f5601acba2	back-integrations	GitLabRoutes.ts:25-27	GitLab HTTP GET, timeout/non-2xx error; project/tag/pipeline JSON to frontend	modules/gitlab/services/__tests__/GitLabService.test.ts:12-89	unchanged	packages/containerhub-back/src/modules/gitlab/services/GitLabService.ts:1-15;66-126	Keep shared fetch/URL helper; no live GitLab proof or tags failure test.
packages/containerhub-back/src/modules/gitlab/services/__tests__/GitLabService.test.ts	f313d6de5732112e6589b9a79ce4009f72556965e8152f2140263098d33abd35	back-integrations	fetchProjects and fetchTagPipeline	mocked URL/query/order, empty pipeline/jobs; no fetchProjectTags case	self:12-89	unchanged	packages/containerhub-back/src/modules/gitlab/services/__tests__/GitLabService.test.ts:12-89	Keep mock scope; add tag/error characterization only before behavior-sensitive cut.
packages/containerhub-back/src/modules/registry/routes/RegistryRoutes.ts	24eaffebd70c09fd79ccf74df5658a37c87690849017291efd882bd45a77375d	back-integrations	YogaFastifyServerFactory.ts:142; RegistryImagesCrud.ts:19	DOCKER_VIEW then catalog/tags/details service	modules/registry/services/__tests__/RegistryService.test.ts:8-57 (service only)	unchanged	packages/containerhub-back/src/modules/registry/routes/RegistryRoutes.ts:6-23	No extraction; route/query error boundary lacks injected route check.
packages/containerhub-back/src/modules/registry/services/RegistryService.ts	44abf6806234f0b0f034e427b2ed18e5ca334db58307b6b46d56b49b0630f12a	back-integrations	RegistryRoutes.ts:20-22	registry GET/timeout/status; catalog list, tags, manifest normalization	modules/registry/services/__tests__/RegistryService.test.ts:8-57	unchanged	packages/containerhub-back/src/modules/registry/services/RegistryService.ts:1-22;25-72	Keep manifest conversion together; catalog truncation/validation risks are functional scope.
packages/containerhub-back/src/modules/registry/services/__tests__/RegistryService.test.ts	d17675dc70b7560da07f19e225529f6d4354c9975c8dd14b9d306d074d264456	back-integrations	fetchImageDetails	mocked manifest/index normalization and invalid repository	self:8-57	unchanged	packages/containerhub-back/src/modules/registry/services/__tests__/RegistryService.test.ts:8-57	Keep mock; catalog/tags and upstream failures not covered.
packages/containerhub-back/src/modules/settings/factory/SettingsFactory.ts	4fe417e6ef2043e2250f265b8650aada85877f2651c280c1c8fd0c179054f2da	back-integrations	SettingsService.ts:17,32	cached Mongo or SQLite repository by DraxConfig engine	modules/settings/services/__tests__/SettingsService.test.ts:27-52; SqlitePersistence.test.ts:9-58	unchanged	packages/containerhub-back/src/modules/settings/factory/SettingsFactory.ts:6-25	Keep engine decision local; cached engine changes across runs not tested.
packages/containerhub-back/src/modules/settings/models/Settings.ts	3f9fb1f11b2ec6b639de7bd20ea3622c823eeb8edb5c48ab32bac5ac2560c8c6	back-integrations	SettingsMongoRepository.ts:1; SettingsSqliteRepository.ts:3	ISettings defaults/schema for persistence	modules/settings/services/__tests__/SqlitePersistence.test.ts:9-58	unchanged	packages/containerhub-back/src/modules/settings/models/Settings.ts:3-17	Keep shared settings fields; no schema reshaping.
packages/containerhub-back/src/modules/settings/repository/SettingsMongoRepository.ts	39c60fc1183c398b62380041c0ef164c8b354f45652d32ce8b21f123cd4af688	back-integrations	SettingsFactory.ts:18	findOne/create, update explicit three fields/save	modules/settings/services/__tests__/SettingsService.test.ts:6-52 (mock)	unchanged	packages/containerhub-back/src/modules/settings/repository/SettingsMongoRepository.ts:3-25	Keep field ownership; Mongo persistence not live-tested.
packages/containerhub-back/src/modules/settings/repository/SettingsSqliteRepository.ts	3625a6af1bfd7d21ff8c5377934c642fd4d23c3453cc2328a078b5bf9e43a16f	back-integrations	SettingsFactory.ts:20	singleton row id 1 create/update/reopen	modules/settings/services/__tests__/SqlitePersistence.test.ts:9-58	unchanged	packages/containerhub-back/src/modules/settings/repository/SettingsSqliteRepository.ts:5-35	Keep DB adapter; fixture proves SQLite reopen only.
packages/containerhub-back/src/modules/settings/routes/SettingsRoutes.ts	95338e0784003f9511a83b5018fc84da47ced89a40ab7c079df336b7dff2b37b	back-integrations	YogaFastifyServerFactory.ts:139; SettingsApi.ts:11-15	permission GET/PUT; Zod error via CommonController	modules/settings/services/__tests__/SettingsService.test.ts:35-52	unchanged	packages/containerhub-back/src/modules/settings/routes/SettingsRoutes.ts:9-30	Keep route with validation at service; error mapping is behavior-sensitive.
packages/containerhub-back/src/modules/settings/services/SettingsService.ts	ef37d179ea29000ddde39842199af8cd7a07bb37b93d7b053184d546f00199c6	back-integrations	SettingsRoutes.ts:13,23	Zod parse then selected repository read/update	modules/settings/services/__tests__/SettingsService.test.ts:27-52	unchanged	packages/containerhub-back/src/modules/settings/services/SettingsService.ts:6-33	Remove unused imports only in separate trivial cleanup; preserve validation/error order.
packages/containerhub-back/src/modules/settings/services/__tests__/SettingsService.test.ts	51df0748ec5e60bf5cc4e8831fafa25abd30db237a1521def67330aca30751d6	back-integrations	SettingsService.ts:23; SettingsRoutes.ts:18	invalid positive bound -> 422, no persistence in mock	self:27-52	unchanged	packages/containerhub-back/src/modules/settings/services/__tests__/SettingsService.test.ts:6-52	Keep error contract; mock not both engines.
packages/containerhub-back/src/modules/settings/services/__tests__/SqlitePersistence.test.ts	67133abb83b847517d0c735ed402b9e8074c07453e81b315ca3288b4e5e53462	back-integrations	SettingsFactory.ts:20; monitoring lifecycle fixture	SQLite persistence/reopen and retention side path	self:9-58	unchanged	packages/containerhub-back/src/modules/settings/services/__tests__/SqlitePersistence.test.ts:9-58	Keep cross-adapter fixture; no Mongo proof.
packages/containerhub-back/src/servers/FrontendStatic.ts	a4daab786a38bf98c7bd1a2646ceb38db016ed9fa394771ce209cf341f26ac1d	back-integrations	index.ts:9-11	static file or SPA fallback; API paths 404	servers/__tests__/FrontendStatic.test.ts:9-31	unchanged	packages/containerhub-back/src/servers/FrontendStatic.ts:5-35	Keep containment and API exclusion in single owner; no filesystem changes.
packages/containerhub-back/src/servers/YogaFastifyServer.ts	3708269e183d267e4b607b5211bb02decb518a17d1a0266a1fbc84d7e2ca74c2	back-integrations	YogaFastifyServerFactory.ts:93	Fastify with validator disabled, GraphQL request context, listen	servers/__tests__/YogaFastifyServer.test.ts:5-25	unchanged	packages/containerhub-back/src/servers/YogaFastifyServer.ts:4-36	Keep request context wiring; validation-disabled behavior is explicit, do not silently fix.
packages/containerhub-back/src/servers/__tests__/FrontendStatic.test.ts	a070b377fc759ea01ba62e0cd5cfd36f435b9797297a069ee1d41feb163cac7d	back-integrations	registerFrontendStatic	asset and SPA fallback, missing API 404	self:9-31	unchanged	packages/containerhub-back/src/servers/__tests__/FrontendStatic.test.ts:9-31	Keep small fixture; no external server proof.
packages/containerhub-back/src/servers/__tests__/YogaFastifyServer.test.ts	829c57bff7fcb3897de8d5385eefaeebba8f3f832d36732fc9294623e689f02d	back-integrations	Fastify route with invalid query	demonstrates schema documentation only, no coercion	self:5-25	unchanged	packages/containerhub-back/src/servers/__tests__/YogaFastifyServer.test.ts:5-25	Keep characterization; changing validation needs functional scope.
packages/containerhub-back/src/setup/SetupContainerHub.ts	0365b56b561f5aab7e1deaf3e3349ee6bb0bce78c2273e906351ff376871af2d	back-integrations	index.ts:6; tests import initialization	Vault load, env validation, DB connect, permissions, roles/bootstrap	setup/__tests__/SetupContainerHub.test.ts:28-245; LegacyDockerRoles.test.ts:27-108	blocked	packages/containerhub-back/src/setup/SetupContainerHub.ts:17-27;57-109;112-169 (redacted fragments:22,68)	Do not bypass masking or infer permission literals; unreviewed sections require authorized unmasked review.
packages/containerhub-back/src/setup/VaultSecretLoader.ts	d433193b52a5e42ce8f4a02f7dffec881ad7c4df6b78354553007759ed319d50	back-integrations	SetupContainerHub.ts:149; VaultSecretLoader.test.ts:37	read client key file, fetch secrets, atomically write env after success	setup/__tests__/VaultSecretLoader.test.ts:8-70; SetupContainerHub.test.ts:101-135	unchanged	packages/containerhub-back/src/setup/VaultSecretLoader.ts:5-8;16-39;42-64	Keep load-before-validate order; no real Vault credentials used.
packages/containerhub-back/src/setup/__tests__/BootstrapSecretHandling.test.ts	ddd86cf800d0a703bcbb335bb3eaa75e0215a8c7bb1027f9deb087cb16a5c6d0	back-integrations	SetupContainerHub failure on weak password	checks error omits test password from captured console	self:9-38	unchanged	packages/containerhub-back/src/setup/__tests__/BootstrapSecretHandling.test.ts:9-38	Keep secret-safe assertion; no bootstrap runtime proof here.
packages/containerhub-back/src/setup/__tests__/DraxBootstrapIdempotency.test.ts	d1c5d7d6a454a061fe621b58f596c432ed95d9a06e39ff738269a709a4878550	back-integrations	SetupContainerHub repeated startup	existing user password remains unchanged in SQLite fixture	self:9-42	unchanged	packages/containerhub-back/src/setup/__tests__/DraxBootstrapIdempotency.test.ts:9-42	Keep idempotency guard; no role mutation inference from masked source.
packages/containerhub-back/src/setup/__tests__/LegacyDockerRoles.test.ts	67083f911d9ed97f1cbb4bff3202ee6c617276f0c731dc2264c0f13298327fc7	back-integrations	SetupContainerHub repeated startup	roles/legacy permission mapping and HTTP grants in SQLite fixture	self:27-108	blocked	packages/containerhub-back/src/setup/__tests__/LegacyDockerRoles.test.ts:27-108 (line 24 redacted); packages/containerhub-back/src/setup/__tests__/LegacyDockerRoles.test.ts:24,82 (masked)	Masked credential/permission fragments prevent whole-file review; do not bypass masking; resume only through authorized review.
packages/containerhub-back/src/setup/__tests__/SetupContainerHub.test.ts	d4e9de28e4b099bcca4b8385255511fcb324c54b5f53e83c2513a832978dcfe1	back-integrations	validateContainerHubEnvironment; initializeContainerHubRuntime	env rejection and Vault-before-validation assertions	self:28-245	unchanged	packages/containerhub-back/src/setup/__tests__/SetupContainerHub.test.ts:28-245	Keep independent environment cases; does not exercise complete masked bootstrap.
packages/containerhub-back/src/setup/__tests__/VaultSecretLoader.test.ts	1a39c93c27f27477cc9cbad922eb93d2f5d0e2579625458a4982d8b79c1ede07	back-integrations	loadContainerHubSecretsFromVault	mocked Vault secret load and wrong identifier failure	self:8-70	unchanged	packages/containerhub-back/src/setup/__tests__/VaultSecretLoader.test.ts:8-70	Keep no-live-secrets test; partial failure env mutation guarded by Promise.all.
packages/containerhub-back/src/modules/monitoring/__tests__/Monitoring.test.ts	a538c7ed340d253c2df49e55b4707deea9c1ee1e847de84e6b8cc0c953c28637	monitoring	Fastify.inject POST/GET/DELETE + Rbac in test	SQLite config and sample repositories + routes	self: configuration, permissions, filters, concurrent duplicate	unchanged	packages/containerhub-back/src/modules/monitoring/__tests__/Monitoring.test.ts:14-35 fixture isolated; 36-49 create/pause/duplicate/persistence; 50-78 list/filter/status/resume; 79-94 validation/delete/concurrency; 95-101 cleanup	Keep as route characterization; does not exercise live Docker or periodic collector.
packages/containerhub-back/src/modules/monitoring/__tests__/MonitoringCollectorFactory.test.ts	fe1e147830b281c88a75dcb20f41c99484cf895fd425f08a4c2fc30bc65e3431	monitoring	MonitoringCollectorFactory mocked dependencies	collector normalizes stats and records running task	self: one normalized task	unchanged	packages/containerhub-back/src/modules/monitoring/__tests__/MonitoringCollectorFactory.test.ts:4-30 fixtures and module mocks; 31-42 collect assertion	No new abstraction; verify actual worker separately.
packages/containerhub-back/src/modules/monitoring/__tests__/MonitoringCollectorLogging.test.ts	47a424fd2d762eeea0bf4b11d1e979d2f055ac2ef404808bb6c0d33b61cb24e4	monitoring	MonitoringCollector.collect mocked statistics	info/error logging with service context	self: success and thrown stats	unchanged	packages/containerhub-back/src/modules/monitoring/__tests__/MonitoringCollectorLogging.test.ts:7-19 fixtures; 21-35 success log; 38-58 failure log	Keep log expectations; no Docker proof.
packages/containerhub-back/src/modules/monitoring/__tests__/MonitoringHistory.test.ts	022b886462d43d0cbbd28fb1e74f2b3ba06e8e866cb8c36ba4da526c3b93e013	monitoring	MonitoringService.create + MonitoringCollector.collect + Fastify.inject	SQLite samples, retention and protected history	self: global/replic, dedupe, prune, service-ID fallback	unchanged	packages/containerhub-back/src/modules/monitoring/__tests__/MonitoringHistory.test.ts:15-26 fixtures; 28-76 collector/history/auth/retention; 78-105 recreated-service fallback	Keep characterization; route sample count/ordering has limited coverage.
packages/containerhub-back/src/modules/monitoring/__tests__/MonitoringWorker.test.ts	03e384d242be78ba2cbe4ebc7515471b41feae350ac0887f3997510d612228f3	monitoring	runMonitoringWorker and spawned src/monitoring.ts	signal shutdown and process lifetime	self: SIGTERM, pending stop, entrypoint	unchanged	packages/containerhub-back/src/modules/monitoring/__tests__/MonitoringWorker.test.ts:11-42 signals and async stop; 44-81 isolated spawned process and cleanup	Do not run during audit; isolated process test does not establish production Swarm.
packages/containerhub-back/src/modules/monitoring/factory/MonitoringCollectorFactory.ts	f37e3eb3177f05b28d7f9f7ac5ff88cdcc30f79b2df8693ba165d6333a3514d6	monitoring	src/monitoring.ts:6	MonitoringCollector with factories and ServiceService.fetchServiceStats normalized by schema	MonitoringCollectorFactory.test.ts:37-42	unchanged	packages/containerhub-back/src/modules/monitoring/factory/MonitoringCollectorFactory.ts:1-5 imports; 7-12 cached collector and metrics parse	Existing factory is sufficient; preserve normalized task contract.
packages/containerhub-back/src/modules/monitoring/factory/MonitoringSampleServiceFactory.ts	6e8dd1b740becce70a52f6c7ed956ac8e0fbb1fa68cb420abb87e5e635222266	monitoring	MonitoringCollectorFactory.ts:9; MonitoringRoutes.ts:41	SQLite/Mongo repository and MonitoringSampleService	MonitoringHistory.test.ts:28-76 indirect SQLite	unchanged	packages/containerhub-back/src/modules/monitoring/factory/MonitoringSampleServiceFactory.ts:1-4 repository imports; 6-18 engine selection/build/cache	Leave engine choice in factory; no extra wrapper.
packages/containerhub-back/src/modules/monitoring/factory/MonitoringServiceFactory.ts	cdc98794173d0c9fe3046443061d2071fb67460a0f157561bceaf658c82fc595	monitoring	MonitoringCollectorFactory.ts:9; MonitoringRoutes.ts:40	SQLite/Mongo repository and MonitoringService	Monitoring.test.ts:14-101 injected service bypasses factory	unchanged	packages/containerhub-back/src/modules/monitoring/factory/MonitoringServiceFactory.ts:1-4 imports; 6-18 engine selection/build/cache	Keep factory; production wiring not covered by injected route test.
packages/containerhub-back/src/modules/monitoring/factory/TaskMonitorizationFactory.ts	d45f0d15aed31275f698f2a6249e8517a9c84963c48c26edd375bf3278e3e886	monitoring	TaskMonitorizationManager.ts:48,171,183; TaskMonitorizationRoutes.ts:38	cached Mongo/SQLite task lifecycle repository	TaskMonitorizationRoutes.test.ts:49-81 mocks Mongo	unchanged	packages/containerhub-back/src/modules/monitoring/factory/TaskMonitorizationFactory.ts:7-12 repository contract; 14-28 engine selection/cache	Keep backend selection; add polling characterization only with separate approved scope.
packages/containerhub-back/src/modules/monitoring/interfaces/IMonitoring.ts	be175371f7dd473a73b9540494f0dce34a15c940e311e9ed7f64c8bc4ad3102b	monitoring	MonitoringService.ts:4 and repository typings	schema-derived config/base/create types	Monitoring.test.ts:34-94 indirect	unchanged	packages/containerhub-back/src/modules/monitoring/interfaces/IMonitoring.ts:1-6 z.infer from MonitoringSchema	Keep schema as single contract.
packages/containerhub-back/src/modules/monitoring/interfaces/IMonitoringSample.ts	51fd72b3f69b6ca327c94e5da5e2a2f7b9f80e55d3b165885890820c930b4c2a	monitoring	MonitoringSampleService.ts:4; MonitoringCollector.ts:2	schema-derived metrics/sample types	MonitoringHistory.test.ts:15-76 indirect	unchanged	packages/containerhub-back/src/modules/monitoring/interfaces/IMonitoringSample.ts:1-6 z.infer from MonitoringSampleSchema	Keep schema as single contract.
packages/containerhub-back/src/modules/monitoring/models/MonitoringModel.ts	20e66774997216afbe5ad2bf6ed6c3a40e1bad87b83dcc000880d0520a2995e2	monitoring	MonitoringMongoRepository.ts:3	Mongo config collection and unique serviceId	Monitoring.test.ts:14-101 SQLite only	unchanged	packages/containerhub-back/src/modules/monitoring/models/MonitoringModel.ts:5-15 fields, unique key, pagination plugin	No refactor; Mongo parity unverified here.
packages/containerhub-back/src/modules/monitoring/models/MonitoringSampleModel.ts	31c58749d20118d5192fb8b977837f365beeea4051c97c623338d04b2cdf9d74	monitoring	MonitoringSampleMongoRepository.ts:3	Mongo sample collection with unique sampleKey and indexed history	MonitoringHistory.test.ts:28-76 SQLite only	unchanged	packages/containerhub-back/src/modules/monitoring/models/MonitoringSampleModel.ts:5-12 keys/indexes, mixed metrics and pagination plugin	No refactor; do not infer Mongo behavior from SQLite test.
packages/containerhub-back/src/modules/monitoring/models/TaskMonitorization.ts	19d8774bc2e49a3ee47a3c442e058742dddcfe927cb08b7e256c6201d8c192ad	monitoring	TaskMonitorizationMongoRepository.ts:1; manager.ts:4	Mongo task lifecycle model and pagination plugin	models/__tests__/TaskMonitorization.test.ts:5-7	unchanged	packages/containerhub-back/src/modules/monitoring/models/TaskMonitorization.ts:4-15 interface; 17-35 schema/index/plugin	One-model contract; test only asserts paginate exists.
packages/containerhub-back/src/modules/monitoring/models/__tests__/TaskMonitorization.test.ts	df367a8af85965ef64651fee9844f072c9eec9f4e4c8b657ca00901f2b2d21e6	monitoring	TaskMonitorizationModel import	assert paginate method exists	self: structural smoke only	unchanged	packages/containerhub-back/src/modules/monitoring/models/__tests__/TaskMonitorization.test.ts:1-7 import and one assertion	Do not claim lifecycle/polling coverage.
packages/containerhub-back/src/modules/monitoring/repository/MonitoringMongoRepository.ts	a2dc96e152891f0765462e69cd0852e968086704d159844d4a231edcfbbe9993	monitoring	MonitoringServiceFactory.ts:14	AbstractMongoRepository configuration search by serviceName	Monitoring.test.ts:14-101 SQLite only	unchanged	packages/containerhub-back/src/modules/monitoring/repository/MonitoringMongoRepository.ts:1-11 model binding/searchFields	Inherited CRUD; no local extraction.
packages/containerhub-back/src/modules/monitoring/repository/MonitoringSampleMongoRepository.ts	3f52c3deb28e0e98a5ed3312afe4bbd157baf18cbd14ebc657581f46a127e1dc	monitoring	MonitoringSampleServiceFactory.ts:14	AbstractMongoRepository sample search	MonitoringHistory.test.ts:28-76 SQLite only	unchanged	packages/containerhub-back/src/modules/monitoring/repository/MonitoringSampleMongoRepository.ts:1-11 model binding/searchFields	Inherited CRUD; avoid speculative duplicate implementation.
packages/containerhub-back/src/modules/monitoring/repository/MonitoringSampleSqliteRepository.ts	7cd523f3d621fef5aa9f1034d75bd53fca62b070e98a36aa08376e86041e1905	monitoring	MonitoringSampleServiceFactory.ts:10; MonitoringHistory.test.ts:32	SQLite samples JSON metrics and ISO date filtering	MonitoringHistory.test.ts:55-68; Monitoring.test.ts:18-20	unchanged	packages/containerhub-back/src/modules/monitoring/repository/MonitoringSampleSqliteRepository.ts:6-15 table/json fields; 16-21 Date conversion and inherited methods	Preserve date serialization; no readability cut justified.
packages/containerhub-back/src/modules/monitoring/repository/MonitoringSqliteRepository.ts	bade82de278091357968ace0ec2e69715640c2ddd0953945b2ffcef67428e5c3	monitoring	MonitoringServiceFactory.ts:10; Monitoring.test.ts:17	SQLite config uniqueness and CRUD	Monitoring.test.ts:36-94	unchanged	packages/containerhub-back/src/modules/monitoring/repository/MonitoringSqliteRepository.ts:5-13 table schema/unique serviceId; 14-17 inherited methods	Preserve uniqueness for concurrent create skip.
packages/containerhub-back/src/modules/monitoring/repository/TaskMonitorizationMongoRepository.ts	674d1ade9e2dfa91fc7f95281226466a34b091d5d7da97352a9d08d413ad25e1	monitoring	TaskMonitorizationFactory.ts:21	Mongo recent/paginate/create/purge	TaskMonitorizationRoutes.test.ts:61-78 paginate only	unchanged	packages/containerhub-back/src/modules/monitoring/repository/TaskMonitorizationMongoRepository.ts:4-9 base binding; 11-29 recent/count/create/purge	No code movement; polling writes and purge remain untested.
packages/containerhub-back/src/modules/monitoring/repository/TaskMonitorizationSqliteRepository.ts	faaa2be9cc3cbb31cc7f10282af6dd085ffc2e9a986c6f7e5b12b85d7dac4a89	monitoring	TaskMonitorizationFactory.ts:23	SQLite recent/create/purge task events	TaskMonitorizationRoutes.test.ts:49-81 Mongo path only	unchanged	packages/containerhub-back/src/modules/monitoring/repository/TaskMonitorizationSqliteRepository.ts:6-14 schema; 16-35 recent/count/create; 37-48 bounded purge	No readability extraction; verify engine behavior in approved test scope.
packages/containerhub-back/src/modules/monitoring/routes/MonitoringRoutes.ts	afd7e34a6db1a72c7f935f6828c23355ac517bc15210bae89b30201ae898eb69	monitoring	YogaFastifyServerFactory.ts:143; UI monitoringProvider	authorized list/status/detail/samples/create/pause/resume/delete	Monitoring.test.ts:36-94; MonitoringHistory.test.ts:60-64	unchanged	packages/containerhub-back/src/modules/monitoring/routes/MonitoringRoutes.ts:12-33 permission/query schemas; 35-54 authorization/error mapping; 56-78 reads/create; 79-93 status/delete then sample cleanup	Keep route ownership; deletion order is functional and must not change for readability.
packages/containerhub-back/src/modules/monitoring/routes/TaskMonitorizationRoutes.ts	92daec0f20d557c70b09611d46087a9c12a6e852b247aa487e2494b26cf75a5e	monitoring	YogaFastifyServerFactory.ts:144; TaskMonitorizationCrud.ts:20	DOCKER_VIEW protected validated pagination	TaskMonitorizationRoutes.test.ts:49-81 mocked Mongo	unchanged	packages/containerhub-back/src/modules/monitoring/routes/TaskMonitorizationRoutes.ts:8-26 query validation; 29-46 permission/repository pagination/error handling	Separate from config monitoring; test does not cover polling or SQLite.
packages/containerhub-back/src/modules/monitoring/routes/__tests__/TaskMonitorizationRoutes.test.ts	2d159ca6e02a52ea6388c5dc7509fa64ad6e986768df7064bd75e50020aa4c5d	monitoring	Fastify test server + Mongo model mock	query validation and forwarded filters	self: invalid pagination/filter and one success	unchanged	packages/containerhub-back/src/modules/monitoring/routes/__tests__/TaskMonitorizationRoutes.test.ts:6-37 mocked model/config; 39-47 server; 49-81 validation/pagination assertions	No polling inference; retain isolated route contract.
packages/containerhub-back/src/modules/monitoring/schemas/MonitoringSampleSchema.ts	be4c278eabb425de8e1156f29f465a0505077bb6b2b6b4634927a6e843757c21	monitoring	MonitoringSampleService.ts:5; MonitoringCollectorFactory.ts:5	Zod normalized metrics and persisted sample shape	MonitoringHistory.test.ts:15-76 indirect	unchanged	packages/containerhub-back/src/modules/monitoring/schemas/MonitoringSampleSchema.ts:3-9 metric branches; 11-15 sample keys/date schema	Leave validation at boundary; avoid duplicated shape.
packages/containerhub-back/src/modules/monitoring/schemas/MonitoringSchema.ts	4d0470fca9b6aa818db8755748f98b0075aa5def7639fd57cac6af7a3ccd19c7	monitoring	MonitoringRoutes.ts:6; MonitoringService.ts:5	Zod create constraints and persisted configuration	Monitoring.test.ts:79-80 invalid calendar and permanent create	unchanged	packages/containerhub-back/src/modules/monitoring/schemas/MonitoringSchema.ts:3-10 options; 11-18 date/retention checks; 19-26 stored fields	Keep constraints centralized; no behavior change.
packages/containerhub-back/src/modules/monitoring/services/MonitoringCollector.ts	7826a3858da677e72436c6b9674ba821fc6459bf525b24b75bd5d5c16c3cc4be	monitoring	MonitoringWorker.ts:14 via factory; scheduled every second	fetchServiceStats → running tasks → record/prune; fallback on recreated service	MonitoringHistory.test.ts:28-105; MonitoringCollectorLogging.test.ts:21-58	unchanged	packages/containerhub-back/src/modules/monitoring/services/MonitoringCollector.ts:20-52 due/sample/error loop; 54-80 scheduler/stop; 82-96 service-name fallback/date gate	Keep in-process scheduling and error isolation; no speculative extraction.
packages/containerhub-back/src/modules/monitoring/services/MonitoringSampleService.ts	1d6c0fa5c8e163c34c3a81c63c0059964e47086c35ad353d8fbf1b47f46e6d22	monitoring	MonitoringCollector.ts:34,37; MonitoringRoutes.ts:73,90	sample record/history/prune/delete through AbstractService	MonitoringHistory.test.ts:55-68	unchanged	packages/containerhub-back/src/modules/monitoring/services/MonitoringSampleService.ts:12-19 sample key; 21-26 history filter; 28-39 prune/delete; 41-49 paged deletion	Existing service owns lifecycle; do not alter ordering/retention.
packages/containerhub-back/src/modules/monitoring/services/MonitoringService.ts	6b207fefbb42900ad2c13488cfd6d2d5a28e695ebf84e7d1ecc13f537d4b194c	monitoring	MonitoringRoutes.ts:58,62,77,83,89; MonitoringCollector.ts:26	config create with duplicate guard, find/paginate, pause/resume	Monitoring.test.ts:36-94	unchanged	packages/containerhub-back/src/modules/monitoring/services/MonitoringService.ts:11-35 input service matching/dedup/concurrent unique guard; 37-40 status update	Existing service is appropriate owner; preserve duplicate race handling.
packages/containerhub-back/src/modules/monitoring/services/MonitoringWorker.ts	d355d5e97d93d9700ab31edcc4ac7d800b500131e6a839f3d4a9fe20bcf81976	monitoring	src/monitoring.ts:6	start collector, hold process alive, await stop on signal	MonitoringWorker.test.ts:11-81	unchanged	packages/containerhub-back/src/modules/monitoring/services/MonitoringWorker.ts:1-8 minimal contracts; 10-25 signal/keepalive/stop	Keep lifecycle simple; no new scheduler wrapper.
packages/containerhub-back/src/modules/monitoring/services/TaskMonitorizationManager.ts	4c0a52a807b3d2c8594765be60f53e6a18a87122a5d17f3ad7a8ea1a62eb5893	monitoring	src/index.ts:12 starts task-event poller	Docker snapshot → transitions → local audit attribution helper → repository/memory/purge	TaskMonitorizationManager.test.ts:48-68 GREEN before/after; TaskMonitorizationRoutes.test.ts:49-81	refactored	packages/containerhub-back/src/modules/monitoring/services/TaskMonitorizationManager.ts:130-176 save is now persistence and audit lookup/fallback has one named local boundary; preserves order and catch scopes	Keep this local boundary; revisit only if polling/error behavior needs a separately authorized change.
packages/containerhub-back/src/modules/monitoring/services/__tests__/TaskMonitorizationManager.test.ts	ca0dcd9953024fb937ae8b5915c4d1f7949f88f39cca0108bb5a72a7e778da18	monitoring	node:test with mocked Docker, settings, audit and repository	checks running→removed, audit fallback and effect order without real Docker/DB	self: test focal 1/1 before/after	unchanged	packages/containerhub-back/src/modules/monitoring/services/__tests__/TaskMonitorizationManager.test.ts:7-46 mocks; 48-68 startup, audit, persistence and transition	Retain as characterization; does not assert real integration or timer-driven second cycle.
packages/containerhub-back/src/monitoring.ts	214e9b3b0b47931d418feeb32c54fa4416a352539c867f8e8eed81214117eac1	monitoring	monitoring worker process entry	initialize runtime → factory collector → runMonitoringWorker	MonitoringWorker.test.ts:44-81 process smoke	unchanged	packages/containerhub-back/src/monitoring.ts:1-6 initialization and worker startup	Entry is already direct; no extraction.
packages/containerhub-front/e2e/monitoring-readability.spec.ts	a5a4fb81dfac4f3f021767cb8ac3c1e22d4d851d4dd21148abc0a9def7df8fa6	monitoring	Playwright /monitoring with intercepted API and forged local auth fixture	create dialog, failure/retry, busy gating, refresh	self: one intercepted UI scenario, not executed here	unchanged	packages/containerhub-front/e2e/monitoring-readability.spec.ts:3-11 fixtures; 13-47 auth/intercepts/error; 49-77 UI actions/requests	Pre-existing untracked spec; compare against prior UI behavior in authorized non-destructive environment before claiming equivalence.
packages/containerhub-front/src/cruds/MonitoringCrud.ts	3596301642c32a2654fd3d0757b061727ab425121bbd9517432f939c0ba61bbd	monitoring	MonitoringPage.vue:54 and MonitoringCreateDialog.vue:67	REST provider and EntityCrud list/filter/status/delete contract	cruds/__tests__/MonitoringCrud.test.ts:5-15 filter only; e2e spec:13-77 create	unchanged	packages/containerhub-front/src/cruds/MonitoringCrud.ts:9-18 types; 19-40 endpoints/authorization; 41-89 UI CRUD metadata	Provider already centralizes transport; no new helper.
packages/containerhub-front/src/cruds/MonitoringFilters.ts	100db1c2ac8209d75980d679892dc94428acd8e3d71876c4b30c977fc34d2c47	monitoring	MonitoringCrud.ts:22	drop null/undefined filters before serialization	MonitoringCrud.test.ts:5-15	unchanged	packages/containerhub-front/src/cruds/MonitoringFilters.ts:1-5 one predicate; operator semantics retained	Reuse current helper; no abstraction.
packages/containerhub-front/src/cruds/__tests__/MonitoringCrud.test.ts	e88f73e28a2985dc9e7b76593f019b0bc2a10a86d373908e0f4a510a7470270c	monitoring	activeMonitoringFilters import	filter nulls and retain status	self: single pure helper test	unchanged	packages/containerhub-front/src/cruds/__tests__/MonitoringCrud.test.ts:1-15 one assertion batch	Test does not exercise real list request.
packages/containerhub-front/src/locales/monitoring.ts	3e784a2fc5ce13ba856c32af0d9c036e14830b8197b335b63e03107824a0c7e2	monitoring	i18n plugin imports monitoringEs/monitoringEn	labels/feedback for config, history, chart and errors	monitoring-readability.spec.ts:49-77 indirect Spanish UI	unchanged	packages/containerhub-front/src/locales/monitoring.ts:1-12 Spanish labels; 13-24 English labels	Keep catalog; no duplication removal without changing keys.
packages/containerhub-front/src/pages/MonitoringCreateDialog.vue	8217234d05fea0135f931943c3dca9237987a744b84a27d9d12e5a73e0375278	monitoring	MonitoringPage.vue:35,73 exposed open()	fetch service/status → validate/select → POST → emit/refresh	monitoring-readability.spec.ts:13-77 intercepted UI	unchanged	packages/containerhub-front/src/pages/MonitoringCreateDialog.vue:1-62 UI selection/form; 64-93 local state/options; 95-108 load/error; 110-125 save/emit/refresh	Pre-existing uncommitted extraction, not ours; validate same UI actions and request cadence before accepting as verified refactor.
packages/containerhub-front/src/pages/MonitoringHistoryPage.vue	3f6eb3d488dcfc06cc8a6b554a41c5da7da0c2f635e2c30407948c504a88c401	monitoring	router/index.ts:15; MonitoringPage.vue:72	GET config then samples → task filtering/charts/table/error	pages/__tests__/MonitoringHistoryPage.test.ts:5-19 source regex; MonitoringHistory.test.ts:60-64 API	unchanged	packages/containerhub-front/src/pages/MonitoringHistoryPage.vue:1-41 UI dates/charts/table; 43-88 chart computation; 90-107 request/error/format	Maintain page state owner; regex test not UI proof. Avoid chart extraction without measured readability gain.
packages/containerhub-front/src/pages/MonitoringPage.vue	dd5f11d08b67001df364e05402efa0c383bfd52d0083aec58fabd0ea2031789b	monitoring	router/index.ts:11; navigation.ts:18	useCrud list, create dialog, history route, confirm status/delete → refresh	monitoring-readability.spec.ts:13-77 create only; Monitoring.test.ts:36-94 backend	unchanged	packages/containerhub-front/src/pages/MonitoringPage.vue:1-43 list/actions/dialog; 45-76 pagination/auth/create feedback; 77-90 confirm/action/error	Pre-existing uncommitted dialog cut reviewed but not attributed; no further extraction; verify baseline before any edit.
packages/containerhub-front/src/pages/__tests__/MonitoringHistoryPage.test.ts	7002441147f9359d872adec2be5ac1e240a69a9d116838e58f309eeb2051c412	monitoring	read MonitoringPage/HistoryPage/router source	regex for route, date inputs, charts and API path	self: static assertions only	unchanged	packages/containerhub-front/src/pages/__tests__/MonitoringHistoryPage.test.ts:1-19 full file; regex checks paths/markup not runtime behavior	Keep as static guard, not history UI equivalence evidence.
packages/containerhub-front/e2e/audits.spec.ts	360745f8d8d3d7fc729556ca9615faadfd76c146d9db455f09bcb90913df0cbd	front-pages-harness	Playwright /crud/audit; router/index.ts:113	Home gallery → protected Drax audit table; navigation.ts:30	self E2E; real login + GET /api/audits	unchanged	packages/containerhub-front/e2e/audits.spec.ts:10-29	Keep; requires live backend/account.
packages/containerhub-front/e2e/browser-tab.spec.ts	05a594f0b820ce43a87ec02005831727a4a88b14b6f643f732cee3320ec8a4f9	front-pages-harness	Playwright routes; router/index.ts:142	document title and favicon; navigation.ts:36	self E2E; synthetic AuthStore, browser metadata	unchanged	packages/containerhub-front/e2e/browser-tab.spec.ts:5-29,52-94	Keep route metadata characterization; not real auth.
packages/containerhub-front/e2e/docker-version.spec.ts	48cc9c2d11db1ca47df88278bf9e66f6808f237ffda1d292f94bab424d113060	front-pages-harness	Playwright home/login; App.vue menu	ServiceRoutes.ts:162 → /api/docker/version; home drawer	self E2E; real backend	unchanged	packages/containerhub-front/e2e/docker-version.spec.ts:10-30	Keep; needs live Docker/auth.
packages/containerhub-front/e2e/ghost-containers.spec.ts	7bfa645b330d87791962775f53773a36a83ded10e727bb9f2116bb9fe6beb30e	front-pages-harness	Playwright /ghost-containers; router/index.ts:47	GhostContainersPage.vue:2 → GhostContainersCrud	self E2E; live orphan/healthy fixtures	unchanged	packages/containerhub-front/e2e/ghost-containers.spec.ts:3-23	Keep; environment fixtures required.
packages/containerhub-front/e2e/ghost-node-navigation.spec.ts	709ccdf6aacfa1301e2b812dd9566af3eff652aea32fbb54e8afe227541c98a8	front-pages-harness	Playwright ghost node link; GhostContainersPage.vue:5	NodesPage.vue:19-25 → NodesCrud.ts:22	self E2E; mocked auth and node/ghost APIs	unchanged	packages/containerhub-front/e2e/ghost-node-navigation.spec.ts:6-57	Keep permission/deep-link characterization.
packages/containerhub-front/e2e/image-navigation.spec.ts	693c33e2e41b37708ef29711d5dd39b35918faed03bd4c2d1113eed55cecc0c2	front-pages-harness	Playwright services image and GitLab; ServicesPage.vue:82-85	RegistryImagesPage.vue:75-113; GitLabProjectsPage.vue:180-225	self E2E; mocked API responses	unchanged	packages/containerhub-front/e2e/image-navigation.spec.ts:20-103	Keep cross-page tag/deployment proof; mocked only.
packages/containerhub-front/e2e/networks.spec.ts	62852e9877f71b26d5ed80a9e6181d1f05df2256f6a2edd140375183872ea888	front-pages-harness	Playwright /networks; router/index.ts:53	NetworksPage.vue:37-52 → NetworksCrud.ts:45-75	self E2E; live network fixtures	unchanged	packages/containerhub-front/e2e/networks.spec.ts:12-55	Keep live filters check; environment-dependent.
packages/containerhub-front/e2e/nodes.spec.ts	0438d7b4f837bd167e4ffc2db198e8fa6f9674be69e1c5be4ce1e2989acf8537	front-pages-harness	Playwright /nodes; router/index.ts:41	NodesPage.vue:3-14 → NodesCrud.ts:20-40	self E2E; live backend/Docker	unchanged	packages/containerhub-front/e2e/nodes.spec.ts:10-53	Keep; retry delay is harness-specific, not page logic.
packages/containerhub-front/e2e/service-remove.spec.ts	9191392dcd4806982ef7229ede71cb83cf518ab7de16a71a86a002c314f8ecd9	front-pages-harness	Playwright /services; ServicesPage.vue:44-52	ServicesPage.vue removeSelected → ServiceRoutes.ts remove endpoint	self E2E; destructive live fixture	unchanged	packages/containerhub-front/e2e/service-remove.spec.ts:11-49	Keep isolated; do not run against real services without authorization.
packages/containerhub-front/e2e/service-restart.spec.ts	6fc5d45ec17ba71d310dfb4feb763d9ad6e2af950b637fc297b00b36707abf74	front-pages-harness	Playwright /services; ServicesPage.vue:36-43	ServicesPage.vue restartSelected → ServiceRoutes.ts restart endpoint	self E2E; live fixture mutation	unchanged	packages/containerhub-front/e2e/service-restart.spec.ts:11-43	Keep isolated; do not run against real services without authorization.
packages/containerhub-front/e2e/services-readability.spec.ts	f6b5b461da8be728ebc48664ec54100fe43a6d2adad64ef26f7ed17174dad6fd	front-pages-harness	Playwright /services; router/index.ts:77	ServicesPage.vue:94-104 → ServiceTasksPanel.vue	self E2E; mocked task/node/auth APIs	unchanged	packages/containerhub-front/e2e/services-readability.spec.ts:9-44	Keep focused action gating/request-count characterization.
packages/containerhub-front/e2e/services-tasks.spec.ts	131b46814e026e9a21898c931d2ea82a38136b000851bbd7a42a44d013c43cee	front-pages-harness	Playwright /services; ServicesPage.vue:91-107	Task logs/terminal WebSocket; ServiceRoutes.ts:153	self E2E; live Swarm terminal	unchanged	packages/containerhub-front/e2e/services-tasks.spec.ts:10-144	Keep live keyboard/clipboard scenarios; no runtime proof in review.
packages/containerhub-front/e2e/settings.spec.ts	1c871990f725af526be79ad252d11bd0cf8b5a368dffcb885df972880905e1d9	front-pages-harness	Playwright /settings; router/index.ts:107	SettingsPage.vue:15-41 → SettingsApi.ts:9-17	self E2E; real login, mocked settings GET/PUT	unchanged	packages/containerhub-front/e2e/settings.spec.ts:10-52	Keep; mocked PUT does not prove persistence.
packages/containerhub-front/e2e/task-inspect.spec.ts	d71348a72c2f4819c7d43a49070212f74dd0e17a62e4b7a4f82ddd0c78090d61	front-pages-harness	Playwright /services and /inspect/:taskId; router/index.ts:83	TaskInspectPage.vue → /api/docker/task/:taskId/inspect	self E2E; first live, rest synthetic auth+API	unchanged	packages/containerhub-front/e2e/task-inspect.spec.ts:7-46,48-182; revisión de puerta: La primera prueba usa login, tarea y respuesta reales; las otras tres comparten login local pero ejercitan datos sintéticos, fallos, carrera de respuestas, portapapeles y layout. Extraer un fixture común añade un salto y puede ocultar la diferencia real/sintético. Riesgo: perder el orden popup/respuesta, la conservación de datos tras error o la respuesta tardía; no se ejecutó Playwright aquí.	Conservar límite actual. Reabrir sólo con cambio funcional concreto
packages/containerhub-front/playwright.config.ts	3dbe96fa775b3aefc5a3f27c223ba77831f77521e5374aae8e56ace72dded044	front-pages-harness	package.json:11 test:e2e → Playwright	webServer starts backend/frontend; Vite proxy; SQLite deletion	test:e2e specs; not executed	blocked	packages/containerhub-front/playwright.config.ts:3-23	Masked bootstrap value at line 10 prevents complete read; do not infer/reveal; inspect with authorized unmasked access before review. Never run config blindly.
packages/containerhub-front/src/__tests__/rest.test.ts	e3760efd1d5ae65f76ba3a57bf213034ca4be64768298a7a9087368b34eb9d91	front-pages-harness	package.json:10 node --import tsx --test	restHeaders.ts:3 authorizationHeader; rest.ts:7-22	self unit; token/null only	unchanged	packages/containerhub-front/src/__tests__/rest.test.ts:1-8	Keep narrow contract; no network execution proof.
packages/containerhub-front/src/__tests__/viteConfig.test.ts	80ab73d45febbe7139d27d856a85e30ffbd3180c9de7cc16f9f896864a91fdbd	front-pages-harness	package.json:10 node test	vite.config.ts:6-29 proxy default	self unit; import config dynamically	unchanged	packages/containerhub-front/src/__tests__/viteConfig.test.ts:4-16	Keep proxy contract; test mutates/restores env.
packages/containerhub-front/src/pages/ClusterInformationPage.vue	beec6ee9daaae4e999f0017ea4614863fd5089bf7110afb6fb3d1b008d57e2f4	front-pages-harness	router/index.ts:59; navigation.ts:17	rest.ts:7 → ServiceRoutes.ts:163-179; RefreshOptions.vue:55 → ClusterVisualizer.vue:74	ClusterSummary.test.ts:42 backend; no focused page test	unchanged	packages/containerhub-front/src/pages/ClusterInformationPage.vue:19-26,54-117; revisión de puerta: Resumen, nodos y temporizador tienen un único dueño; RefreshOptions ya posee la edición de opciones y ClusterVisualizer la presentación. Sacar el timer a un composable con un solo consumidor alarga el recorrido. Riesgo de equivalencia si se toca: doble fetch al activar, intervalos/reprogramación, error que conserva nodos, cancelación al desmontar y resumen que no se refresca; no hay test focal de UI.	Conservar límite actual. Reabrir sólo con cambio funcional concreto
packages/containerhub-front/src/pages/GhostContainersPage.vue	52d5bd989846d10df1b79cc1011d59de1e21adfa835d8f5cc74b29aa8b974d8e	front-pages-harness	router/index.ts:47; navigation.ts:20	GhostContainersCrud.ts; nodes route via router-link:5	ghost-node-navigation.spec.ts:30-57; ghost-containers.spec.ts:12-23	unchanged	packages/containerhub-front/src/pages/GhostContainersPage.vue:2-20	Keep permission-gated link and simple formatting.
packages/containerhub-front/src/pages/GitLabProjectsPage.vue	7a1b4a086075d5f92a629bb361a02bf7e358c5f63c2d36132accf38ae399a1ae	front-pages-harness	router/index.ts:71; GitLabProjectsCrud.ts:19-35	rest.ts:7 → GitLabRoutes.ts:25-27; serviceImageUsage; registryRoute → RegistryImagesPage.vue	GitLabProjectsPage.test.ts:5-31 regex; image-navigation.spec.ts:65-103 mocked	blocked	packages/containerhub-front/src/pages/GitLabProjectsPage.vue:41-125,150-247; revisión de puerta: La fila desplegada mezcla tags, despliegues y pipeline, pero las cachés por proyecto/tag sobreviven al colapso y sirven también a las columnas; mover la fila entera impondría demasiados props/eventos o duplicaría estado. La prueba de navegador sólo cubre el camino feliz sintético; no prueba errores/reintentos ni alternar proyectos. Riesgo: secuencia/cantidad de requests, caché y errores visibles.	Corte no ejecutado; puerta: Caracterizar GREEN antes/después en navegador interceptado: dos proyectos, colapso/reapertura sin nueva carga, filtro de tags, selección de tag, fallos y reintentos de tags/pipeline, desplegados, requests y errores. Sólo aprobar una frontera si reduce el recorrido sin duplicar las cachés del padre; no equivale a GitLab real.
packages/containerhub-front/src/pages/HomePage.vue	f7f076931930560443b3c3f50e2635fc24718dc126805e3a3d188081d3759408	front-pages-harness	router/index.ts:23	navigation.ts:1-34 → HomeGallery.vue	audits.spec.ts:10-29; browser-tab.spec.ts:52-60	unchanged	packages/containerhub-front/src/pages/HomePage.vue:1-8	Keep thin composition.
packages/containerhub-front/src/pages/LoginPage.vue	1b687dd4cb5e3c11f4080155670653c4c7625d7d06cae78f3e069bab5a75b520	front-pages-harness	router/index.ts:29,167-179	IdentityLogin → onLoginSuccess router.replace:18-24	LoginPage.test.ts:11-29 regex; audits.spec.ts:10-16 live	unchanged	packages/containerhub-front/src/pages/LoginPage.vue:1-25,27-98	Keep local theme/redirect; do not merge router guards.
packages/containerhub-front/src/pages/NetworksPage.vue	271e70980c3be2dffbce2099d55bef666a79f666c10bd92c3998a121e2db43fa	front-pages-harness	router/index.ts:53; navigation.ts:9	NetworksCrud.ts:44-75 → ServiceRoutes.ts:182; AutoCrudFilters.vue	NetworksPage.test.ts:5-22 regex; networks.spec.ts:12-55 live	unchanged	packages/containerhub-front/src/pages/NetworksPage.vue:2-25,36-52	Keep attachable filter with existing Drax filter owner.
packages/containerhub-front/src/pages/NodesPage.vue	bc372c4821bc72e0fcd4a636b8c5293638fc47a89ae7005c4a8ab125ec7263bd	front-pages-harness	router/index.ts:41; GhostContainersPage.vue:5	NodesCrud.ts:20-40 → ServiceRoutes.ts:161; nodeResources.ts:3	NodesPage.test.ts:8-34; nodes.spec.ts:10-53; ghost-node-navigation.spec.ts:30-57	unchanged	packages/containerhub-front/src/pages/NodesPage.vue:2-26	Keep query→search bridge; do not duplicate CRUD state.
packages/containerhub-front/src/pages/RegistryImagesPage.vue	73343ec9b106db08cfdefb9b7f303e7ba0d4cfada8b6e75f5bd0695fad5ee67f	front-pages-harness	router/index.ts:65; GitLabProjectsPage.vue:240; ServicesPage.vue:82-85	RegistryImagesCrud.ts:17-37; RegistryImageDetails.vue:72-129 → RegistryRoutes.ts:20-22	RegistryImagesPage.test.ts:5-23 regex; image-navigation.spec.ts:44-63 mocked	unchanged	packages/containerhub-front/src/pages/RegistryImagesPage.vue:38-49,65-113	Keep page URL owner and details child; no extraction without stronger evidence.
packages/containerhub-front/src/pages/StacksPage.vue	611b5864c2c7ff49e3a96317671d7d1e5e5a333a09caaa56583bfd9020e0bef0	front-pages-harness	router/index.ts:35; navigation.ts:6	StacksCrud.ts; services deep link → ServicesPage.vue:183-195	no focused page test; route-level coverage only	unchanged	packages/containerhub-front/src/pages/StacksPage.vue:2-25	Keep simple stack link.
packages/containerhub-front/src/pages/TasksMonitorizationPage.vue	45fd7ef3f93ad120e3162d8a2ee11965adcefb8536e1bb69641c76d85baca375	front-pages-harness	router/index.ts:19; navigation.ts:19	TaskMonitorizationCrud.ts → TaskMonitorizationRoutes.ts	no focused page test; backend route test separate	unchanged	packages/containerhub-front/src/pages/TasksMonitorizationPage.vue:2-19	Keep thin CRUD wrapper.
packages/containerhub-front/src/pages/__tests__/GitLabProjectsPage.test.ts	7d39551a6819c95ef3e5740bede99f5eec878502ecc02c0b519959367737c910	front-pages-harness	package.json:10 node test	GitLabProjectsPage.vue:12-125; GitLabProjectsCrud.ts:47-53	self source-regex; image-navigation.spec.ts:65-103 behavior	unchanged	packages/containerhub-front/src/pages/__tests__/GitLabProjectsPage.test.ts:5-31; revisión de puerta: El regex vigila además ausencia de ContainerScan y contrato de columnas no cubiertos íntegramente por el E2E feliz. Eliminarlo hoy pierde una alarma, aunque texto fuente no prueba UI. Si la propiedad cambia, actualizar sólo sus aserciones con caracterización de expansión, errores/reintentos y navegación antes/después; no llamar equivalentes al E2E sintético y GitLab real.	Conservar límite actual. Reabrir sólo con cambio funcional concreto
packages/containerhub-front/src/pages/__tests__/LoginPage.test.ts	1e6576dc24663084d5c5a10f14b4be52570ce58a0d786846e051fb495fc444d5	front-pages-harness	package.json:10 node test	LoginPage.vue:18-24; router/index.ts:160-179; App.vue	self source-regex; audits.spec.ts login E2E	unchanged	packages/containerhub-front/src/pages/__tests__/LoginPage.test.ts:5-29; revisión de puerta: Las aserciones de redirect y marca siguen detectando un cambio no cubierto por los E2E que entran por ruta protegida: no comprueban visita autenticada a /login, fallback '/' ni tema/branding. Regex frágil, pero quitarlo ahora reduce cobertura; un futuro test de navegador debe comparar redirect seguro y tema con el original.	Conservar límite actual. Reabrir sólo con cambio funcional concreto
packages/containerhub-front/src/pages/__tests__/NetworksPage.test.ts	b7f243308995793fc24cb777e14c30786d0d1a4602168bd0454a21e64a5577e1	front-pages-harness	package.json:10 node test	NetworksPage.vue:2-52; NetworksCrud.ts:120-133	self source-regex; networks.spec.ts live	unchanged	packages/containerhub-front/src/pages/__tests__/NetworksPage.test.ts:5-22; revisión de puerta: El E2E de redes sí verifica filtros, limpieza y fecha con Docker/credenciales configuradas, pero no la configuración de columnas Drax ni las aserciones negativas del regex. Conservar el guard textual barato hasta cobertura conductual equivalente; al modificar filtros comparar solicitudes, selección booleana/clear y UI antes/después, no inferir equivalencia de un test estático.	Conservar límite actual. Reabrir sólo con cambio funcional concreto
packages/containerhub-front/src/pages/__tests__/NodesPage.test.ts	e601caf9e2f5b98edfdd8cdcfe91fab5e46236fa84e4ea5499a61a5027c0d0c2	front-pages-harness	package.json:10 node test	nodeResources.ts:3-6; NodesPage.vue:2-26; NodesCrud.ts:51-57	self formatter unit + page source-regex; nodes.spec.ts live	unchanged	packages/containerhub-front/src/pages/__tests__/NodesPage.test.ts:4-34	Keep pure formatter check; update owner regex only when changed.
packages/containerhub-front/src/pages/__tests__/RegistryImagesPage.test.ts	5e9e602561a2860325a8f74726e820adda03bf5b4cf78d59c5723f2d99b88656	front-pages-harness	package.json:10 node test	RegistryImagesPage.vue:12-49,75-113; RegistryImageDetails.vue:101-129	self source-regex; image-navigation.spec.ts:44-63 behavior	unchanged	packages/containerhub-front/src/pages/__tests__/RegistryImagesPage.test.ts:5-23; revisión de puerta: El E2E interceptado prueba deep link y digest, pero no todos los límites negativos de slots/columnas ni el ciclo de detalle/cierre/cambio de tag. El regex es frágil y no demuestra interfaz real; eliminarlo sólo tras una caracterización que cubra esos contratos sin perder selección URL o requests.	Conservar límite actual. Reabrir sólo con cambio funcional concreto
packages/containerhub-front/src/pages/cluster/ClusterVisualizer.vue	99e013558f5a487378d3f51c9bf089ff89b2d16a56c39d1c03cd20011f8ee364	front-pages-harness	ClusterInformationPage.vue:21-26	node/task table props; nodeResources.ts:3-6 is existing shared formatter	no focused component test; cluster summary backend only	unchanged	packages/containerhub-front/src/pages/cluster/ClusterVisualizer.vue:21-23 shows 0 CPU / 0 GB when resources absent; nodeResources.ts:3-5 returns — when absent; different observable output	Do not reuse formatter without an explicitly scoped behavior change; keep current local display.
packages/containerhub-front/src/pages/cluster/RefreshOptions.vue	f2d46736b14794fe443ae56c98c251f31d333b8330e87bbbe9f8d2067ab04416	front-pages-harness	ClusterInformationPage.vue:19	defineModel options → ClusterInformationPage.vue:96-107, ClusterVisualizer.vue:24-25	no focused options test	unchanged	packages/containerhub-front/src/pages/cluster/RefreshOptions.vue:2-57	Keep single v-model owner.
packages/containerhub-front/src/pages/nodeResources.ts	a3fb26324234585953377117cf44d3f7750ca092d6b634d6a2665bfcf1c378e5	front-pages-harness	NodesPage.vue:14; NodesPage.test.ts:4	formatNodeResources → NodesPage.vue:5	NodesPage.test.ts:8-11 pure assertion	unchanged	packages/containerhub-front/src/pages/nodeResources.ts:1-6	Reuse for cluster only after confirming null/undefined semantics.
packages/containerhub-front/src/pages/settings/SettingsPage.vue	5d845cf4a5bfc9cedd5f56e4ab2ce3ad91e1a8f2b5b59fdf16f6542b931160a0	front-pages-harness	router/index.ts:107; navigation.ts:31	SettingsApi.ts:9-17 → SettingsRoutes.ts:10-29	settings.spec.ts:10-52 real login/mock API; SettingsService.test.ts backend	unchanged	packages/containerhub-front/src/pages/settings/SettingsPage.vue:3-41,44-108	Keep local form/fetch/save; distinguish mocked PUT from persistence.
packages/containerhub-front/src/providers/SettingsApi.ts	8a563e97efff4f93d7618db39caca780c547dd173b4f318054ffbe4a20e6e488	front-pages-harness	SettingsPage.vue:3,18,30	rest.ts:7-22 → SettingsRoutes.ts:10-29	settings.spec.ts:14-51 mocked; SettingsService.test.ts backend	unchanged	packages/containerhub-front/src/providers/SettingsApi.ts:1-17	Keep thin transport wrapper.
packages/containerhub-front/test-browser.js	f1a79631569000c7d9d98b3400481a2e487ae9404f35deb02539dfe0c7d5086d	front-pages-harness	manual Puppeteer invocation; no package script	localhost:5173/settings → browser console, URL	no automated assertion	unchanged	packages/containerhub-front/test-browser.js:1-19; revisión de puerta: Diagnóstico manual de consola/URL de /settings, distinto del E2E que intercepta GET/PUT y sólo aserta formulario/snackbar. No tiene consumidor interno hallado ni script npm; Puppeteer no está declarado en el manifest, por lo que no se presume ejecutable ni inútil para usuarios externos. Eliminarlo perdería visibilidad de errores del navegador.	Conservar límite actual. Reabrir sólo con cambio funcional concreto
packages/containerhub-front/test-dom.js	40bccdc03ffbd98855f1d72eba1a3d9c9a5549aed87c59aee66ee9caa8b38efe	front-pages-harness	manual Puppeteer invocation; no package script	localhost:5173/crud/user → main.innerHTML console	no automated assertion	blocked	packages/containerhub-front/test-dom.js:1-14; revisión de puerta: Dump manual de main.innerHTML en /crud/user, sin aserciones y sin invocaciones internas encontradas en archivos versionados/scripts/docs actuales. No hay sustituto equivalente al DOM de administración; la ausencia interna no prueba que nadie lo ejecute manualmente. Riesgo de eliminación: perder esta sonda puntual.	Corte no ejecutado; puerta: Confirmar con responsables si se usa fuera del repositorio; si se retira, documentar una forma equivalente de inspeccionar el DOM de /crud/user y comprobarla. Búsqueda exacta de test-dom.js en archivos versionados y docs de segunda pasada: sólo su fila de inventario; no afirma nada de consumidores externos.
packages/containerhub-front/test-mount.js	ecb7f32c73c2a44db1538cbce3b9a2400c97c2901604d260202c3cb33970197d	front-pages-harness	manual invocation; no package script	none: imports only, comment, no test body	no runnable assertion	blocked	packages/containerhub-front/test-mount.js:1-4; revisión de puerta: Stub sin test, montaje ni export; importa Playwright y acaba en dos comentarios. No aparece en scripts npm ni en referencias internas versionadas/docs, salvo inventario. Borrarlo no cambia ninguna aserción o flujo runtime del repositorio; un uso manual externo sigue siendo desconocido, no se declara inexistente.	Corte no ejecutado; puerta: Antes de ejecutar el corte, confirmar con dueño del repo que no reserva este stub para un uso externo; verificar git grep del nombre y ejecutar npm test del frontend después. La inspección actual sólo descarta consumidores internos.
packages/containerhub-front/test-network.js	3a958c17453d7c20f2d02874596e4fb02667a46dd4490c81beee988b617d34c1	front-pages-harness	manual Puppeteer invocation; no package script	localhost:5173/crud/user → request/response console	no automated assertion	blocked	packages/containerhub-front/test-network.js:1-17; revisión de puerta: Sonda manual de peticiones/respuestas de /crud/user sin aserciones; no aparece invocada por package scripts ni otros archivos versionados/docs, excepto inventario. Puede ser útil para diagnosticar fallos de red de administración y la falta de consumidor interno no establece falta de uso externo. Eliminar sin reemplazo pierde trazas.	Corte no ejecutado; puerta: Confirmar uso manual/externo y una traza equivalente de request/response en la página de usuario antes de retirar. Búsqueda exacta de test-network.js entre archivos versionados y docs de segunda pasada: sólo inventario; no concluir ausencia de consumidores externos.
packages/containerhub-front/test-screenshot.js	2e574f828ed03e9ab060949f236f0643a97bb31aef6be5d28eb34e0e78ee7a30	front-pages-harness	manual Puppeteer invocation; no package script	localhost:5173/crud/user → screenshot_user.png	no automated assertion	blocked	packages/containerhub-front/test-screenshot.js:1-10; revisión de puerta: Genera screenshot_user.png de /crud/user; no hay script npm ni referencia interna al archivo JS fuera del inventario, pero el PNG está versionado y no hay captura equivalente de esa ruta en los E2E leídos. Retirar la sonda cambia la posibilidad de regenerar el artefacto; no se presume ausencia de uso manual/externo.	Corte no ejecutado; puerta: Confirmar dueño/uso externo y destino del screenshot_user.png; proporcionar captura reproducible equivalente antes de retirar. Búsqueda exacta de test-screenshot.js en archivos versionados/docs de segunda pasada: sólo inventario; consumidores externos no comprobables desde el repo.
packages/containerhub-front/vite.config.ts	d9d4f5ca6a9bcc7e451f04c6ded8aac074ff7312394adf30dd8f95af66874c99	front-pages-harness	package.json:7-9 dev/build; playwright.config.ts:16-20	Vite alias/plugin/deepmerge optimizeDeps; /graphql and /api proxy → backend	viteConfig.test.ts:4-16 default proxy only	unchanged	packages/containerhub-front/vite.config.ts:6-31	Keep documented transitive deepmerge compatibility; no dependency change.
packages/containerhub-front/src/App.vue	8501c69d5e91224258a3628ce91d3681532c9cf01d2efe6413fe2d5662585785	front-core	packages/containerhub-front/src/main.ts:2	sidebar menu / router-view / logout	packages/containerhub-front/src/components/__tests__/DockerVersionSummary.test.ts:12;packages/containerhub-front/src/router/__tests__/ServicesPermission.test.ts:55	blocked	packages/containerhub-front/src/App.vue:3-41 (literal enmascarado: 9)	Lectura de literal enmascarado por herramienta; no declarar revisión íntegra ni inferir contenido; revisar mediante acceso autorizado sin desactivar redacción.
packages/containerhub-front/src/components/AnimatedBackground.vue	62707395ca4bd55179545e81ee84370dafdfc0f7c0b7f3260256461840e444ec	front-core	packages/containerhub-front/src/App.vue:53;packages/containerhub-front/src/components/HomeGallery.vue:5;packages/containerhub-front/src/pages/LoginPage.vue:6	decoración CSS e icono de tema	Sin prueba focal identificada; inspección de fuente	unchanged	packages/containerhub-front/src/components/AnimatedBackground.vue:12-22,43-164	Sólo efecto visual; no factorizar reglas nth-child sin un requisito real.
packages/containerhub-front/src/components/AutoCrudFilters.vue	2b1b308e1d10a4f42dd4262b9c0c346ad353cc82dfa8fac7b45406b6e57cbcf2	front-core	packages/containerhub-front/src/pages/NetworksPage.vue:33;packages/containerhub-front/src/pages/MonitoringPage.vue:55;packages/containerhub-front/src/pages/services/ServicesPage.vue:153	useCrudStore.setDynamicFilters y eventos	packages/containerhub-front/src/router/__tests__/ServicesPermission.test.ts:47;packages/containerhub-front/src/cruds/__tests__/ClientProviderFilters.test.ts:10	unchanged	packages/containerhub-front/src/components/AutoCrudFilters.vue:6-15,18-40	Dos controles Drax comparten modelo; dejar dueño de filtros en página/store.
packages/containerhub-front/src/components/DockerVersionSummary.vue	0da766ab45abb116cbfc3ac52f3fda5a171842fd1ac5dbd59405d4baa733d8c6	front-core	packages/containerhub-front/src/App.vue:54	GET /api/docker/version y footer	packages/containerhub-front/src/components/__tests__/DockerVersionSummary.test.ts:12	unchanged	packages/containerhub-front/src/components/DockerVersionSummary.vue:24-38	Estado de carga simple; test es de fuente y no comprueba errores HTTP.
packages/containerhub-front/src/components/HomeGallery.vue	5455428befd303a18c88798b87dde67697edb38e4dbedcfdc888b0416b281ed0	front-core	packages/containerhub-front/src/pages/HomePage.vue:6	useMenu / MenuCard	packages/containerhub-front/src/router/__tests__/AuditSection.test.ts:22	unchanged	packages/containerhub-front/src/components/HomeGallery.vue:7-14,20-65	Dos variantes de galería en template; extraer introduce props sin reducir decisiones.
packages/containerhub-front/src/components/RegistryImageDetails.vue	b0b564d33bd3b267f23e3c63e008e562783aace9eb94f3d8f58b2ecc9a8061eb	front-core	packages/containerhub-front/src/pages/RegistryImagesPage.vue:40	GET tags y details; emite selected y enlaza services	packages/containerhub-front/src/pages/__tests__/RegistryImagesPage.test.ts:1	unchanged	packages/containerhub-front/src/components/RegistryImageDetails.vue:72-129	Mantener estado de tags/detalles y guardia detailsRequest juntos; no mover lógica de concurrencia sin prueba UI.
packages/containerhub-front/src/components/__tests__/DockerVersionSummary.test.ts	c09d111facf5788a8edfc769c7871cc55b9cd590743455ccc64b2985faa45ccb	front-core	node:test	App.vue / DockerVersionSummary.vue / router/index.ts	packages/containerhub-front/src/components/__tests__/DockerVersionSummary.test.ts:12-23 (inspección; no ejecutado)	unchanged	packages/containerhub-front/src/components/__tests__/DockerVersionSummary.test.ts:12-23; revisión de puerta: La regex sólo fija ubicación y cadenas; ya existe un recorrido de navegador que inicia sesión, lee la respuesta protegida y comprueba versiones visibles y redirección. No duplicar montaje de Vue por legibilidad del test.	Conservar límite actual. El spec de navegador depende de credenciales; no se ejecutó ni convierte la regex en E2E. Si se toca el permiso, comprobar además usuario sin DOCKER_VIEW.
packages/containerhub-front/src/components/logs/LogTerminal.vue	716a7aee537dd9533281bd1644ebc190e415655e7f1efff382e2dfa78e1baf4e	front-core	packages/containerhub-front/src/pages/logs/TaskLogsPage.vue:26	xterm + ResizeObserver + dispose	Sin prueba focal identificada; inspección de fuente	unchanged	packages/containerhub-front/src/components/logs/LogTerminal.vue:12-41	Un dueño del ciclo de vida del terminal; preservar cleanup y API expuesta.
packages/containerhub-front/src/cruds/GhostContainersCrud.ts	6cb5fce672082d6670729e9bd316322b1420993d7818e2ab3dd0f14bb937131c	front-core	packages/containerhub-front/src/pages/GhostContainersPage.vue:2;packages/containerhub-front/src/setup/SetupEntities.ts:3	GET /api/docker/ghostContainers; paginación CSV	packages/containerhub-front/src/cruds/__tests__/ClientProviderFilters.test.ts:5;packages/containerhub-front/src/cruds/__tests__/clientFieldFilters.test.ts:11	unchanged	packages/containerhub-front/src/cruds/GhostContainersCrud.ts:9-33,36-79	Reusa filtros y CSV existentes; sorting local específico no requiere abstracción.
packages/containerhub-front/src/cruds/GitLabProjectsCrud.ts	37db31bb7ca1ccf73ad5a498aa4a43b408f6b50f00f6ed5025c24db545b06de0	front-core	packages/containerhub-front/src/pages/GitLabProjectsPage.vue:138;packages/containerhub-front/src/setup/SetupEntities.ts:4	GET /api/gitlab/project con búsqueda/CSV	packages/containerhub-front/src/cruds/__tests__/GitLabProjectsCrud.test.ts:5;packages/containerhub-front/src/pages/__tests__/GitLabProjectsPage.test.ts:1	unchanged	packages/containerhub-front/src/cruds/GitLabProjectsCrud.ts:19-36,38-76	Paginación de servidor no mezclar con providers de inventario completo.
packages/containerhub-front/src/cruds/NetworksCrud.ts	d546d4765afe8056b419f197609fed91484bc60d1fb00c43fe6f046e95d527b6	front-core	packages/containerhub-front/src/pages/NetworksPage.vue:34;packages/containerhub-front/src/setup/SetupEntities.ts:6	GET /api/docker/network; search/filter/sort/CSV	packages/containerhub-front/src/cruds/__tests__/ClientProviderFilters.test.ts:5;packages/containerhub-front/src/pages/__tests__/NetworksPage.test.ts:1	unchanged	packages/containerhub-front/src/cruds/NetworksCrud.ts:21-76,78-134	Campos IPAM requieren resolver propio; helper applyClientFieldFilters ya existe; no extraer sort de variantes dispares.
packages/containerhub-front/src/cruds/NodesCrud.ts	b76c1b946a200ce6565a53fc87699d4d2132d209d116c5a1ec93214e56675b1b	front-core	packages/containerhub-front/src/pages/NodesPage.vue:13;packages/containerhub-front/src/setup/SetupEntities.ts:7	GET /api/docker/nodes; filtros y paginación	packages/containerhub-front/src/cruds/__tests__/ClientProviderFilters.test.ts:5;packages/containerhub-front/src/pages/__tests__/NodesPage.test.ts:1	unchanged	packages/containerhub-front/src/cruds/NodesCrud.ts:15-40,42-87	Mantener tipo Node y paginado cerca del endpoint; helper de filtros existente.
packages/containerhub-front/src/cruds/RegistryImagesCrud.ts	2e6f984df6bcbd43eaf391f1844afab3953f3859f3c98ef4f57bd7dad9e02e51	front-core	packages/containerhub-front/src/pages/RegistryImagesPage.vue:61;packages/containerhub-front/src/setup/SetupEntities.ts:8	GET /api/registry/image; tabla y CSV	packages/containerhub-front/src/cruds/__tests__/ClientProviderFilters.test.ts:5;packages/containerhub-front/src/pages/__tests__/RegistryImagesPage.test.ts:1	unchanged	packages/containerhub-front/src/cruds/RegistryImagesCrud.ts:9-37,39-79	Orden especial para tags se lee localmente; no generalizar un sort heterogéneo.
packages/containerhub-front/src/cruds/StacksCrud.ts	77914898f5171a10145f2b0c979c88848abbc8a31f4ff5bde75c70d3d33e907a	front-core	packages/containerhub-front/src/pages/StacksPage.vue:2;packages/containerhub-front/src/setup/SetupEntities.ts:10	GET /api/services; agregación stacks para paginación y export	packages/containerhub-front/src/router/__tests__/ServicesPermission.test.ts:62 (texto, no comportamiento)	unchanged	packages/containerhub-front/src/cruds/StacksCrud.ts:16-21,35-40 repite el conteo pero lo muestra inmediatamente antes de dos salidas diferentes	Un helper local añade otro salto y líneas sin acortar el recorrido; conservar, caracterizar ambas salidas sólo si cambia el provider.
packages/containerhub-front/src/cruds/TaskMonitorizationCrud.ts	6619b831f0247b71a563f03d41408ca366ed2c582dc2c53244980027613e983a	front-core	packages/containerhub-front/src/pages/TasksMonitorizationPage.vue:18;packages/containerhub-front/src/setup/SetupEntities.ts:11	GET /api/task-monitorizations; filtros JSON	Sin prueba focal identificada; inspección de fuente	unchanged	packages/containerhub-front/src/cruds/TaskMonitorizationCrud.ts:15-29,32-75	Filtrado de campos vacíos pertenece al transporte; no mover a helper genérico sin otro consumidor.
packages/containerhub-front/src/cruds/__tests__/ClientProviderFilters.test.ts	c2271e930a2242201f2f06ff37ce2a3e26ccbf56aab32edd4aad47969f25259c	front-core	node:test	lee cinco providers y exige filtro previo a slice	packages/containerhub-front/src/cruds/__tests__/ClientProviderFilters.test.ts:10-18 (inspección; no ejecutado)	blocked	packages/containerhub-front/src/cruds/__tests__/ClientProviderFilters.test.ts:5-18; revisión de puerta: indexOf sólo verifica ubicación textual, no resultados filtrados ni total antes de paginar. El helper ya tiene casos ejecutables; no duplicarlos ni montar un harness de Drax/rest sólo para reemplazar esta prueba.	Corte no ejecutado; puerta: Al cambiar un provider, caracterizar UNA llamada paginate con filtrado, total y página de ese provider; para redes ya existe interacción real dependiente de infraestructura. Mantener la inspección como inspección, no afirmar E2E de los cinco.
packages/containerhub-front/src/cruds/__tests__/DynamicFilterFields.test.ts	ff4e51bb3c40219236fcb3f8a807d52203a038e10d556605660a4235f646c9c4	front-core	node:test	lee metadatos de cuatro CRUD	packages/containerhub-front/src/cruds/__tests__/DynamicFilterFields.test.ts:12-36 (inspección; no ejecutado)	blocked	packages/containerhub-front/src/cruds/__tests__/DynamicFilterFields.test.ts:12-22,25-36; revisión de puerta: fieldNames reimplementa un parser de corchetes sobre fuente y cuenta --depth en caracteres no ']' (línea 19), de modo que no prueba getters reales. Sustituirlo por otra regex/parche de parser no mejora evidencia; la lista de campos actual se ve en los CRUD.	Corte no ejecutado; puerta: Sólo al cambiar metadatos/filtros: aserción sobre getters montados en el runner adecuado o una interacción UI existente; la suite node:test con tsx no proporciona por sí sola alias @/Drax/Vue. No añadir parser/harness ahora.
packages/containerhub-front/src/cruds/__tests__/GitLabProjectsCrud.test.ts	1189336e5a589101c6f493513c89b95f1264bb44fd7e360ed8d302a6a8bd5975	front-core	node:test	lee GitLabProjectsCrud.ts	packages/containerhub-front/src/cruds/__tests__/GitLabProjectsCrud.test.ts:5-9 (inspección; no ejecutado)	blocked	packages/containerhub-front/src/cruds/__tests__/GitLabProjectsCrud.test.ts:5-9; revisión de puerta: Dos regex no prueban params enviados ni mapeo de totalItems; el proveedor ya concentra ambas operaciones y la página lo consume con useCrud. Importarlo directamente en node:test exige resolver @/rest y la instancia Drax: no fabricar un proveedor alternativo por un test.	Corte no ejecutado; puerta: Cuando se cambie búsqueda/paginación, probar petición y respuesta del provider real con infraestructura que resuelva alias/Drax, o UI con request interceptada; incluir search, page, per_page y total. No confundir pruebas textuales de la página con llamadas reales.
packages/containerhub-front/src/cruds/__tests__/ServiceCrud.test.ts	de5b5e138fa8dedca233bd5f1abc2045b2d0e5ad9b93d07c98f2e094c4054d61	front-core	node:test	buildServiceFilterOptions	packages/containerhub-front/src/cruds/__tests__/ServiceCrud.test.ts:5-15 (inspección; no ejecutado)	unchanged	packages/containerhub-front/src/cruds/__tests__/ServiceCrud.test.ts:5-15	Test de transformación de filtros con deduplicación/orden; mantener.
packages/containerhub-front/src/cruds/__tests__/clientCsvExport.test.ts	c4868cb2ffffed09d43b6ddcedc03db5e5eb4f596e571b160617e0df70ed1eac	front-core	node:test	withClientCsvExport y fetch de Blob	packages/containerhub-front/src/cruds/__tests__/clientCsvExport.test.ts:6-38 (inspección; no ejecutado)	unchanged	packages/containerhub-front/src/cruds/__tests__/clientCsvExport.test.ts:6-38	Cubre paginación/escape/BOM y revoca URL; añadir límites sólo si cambia export.
packages/containerhub-front/src/cruds/__tests__/clientFieldFilters.test.ts	48ab55f345012519608b6342d9c3509ca8500f95d6cba62ecd5feac6432efcd5	front-core	node:test	applyClientFieldFilters	packages/containerhub-front/src/cruds/__tests__/clientFieldFilters.test.ts:11-48 (inspección; no ejecutado)	unchanged	packages/containerhub-front/src/cruds/__tests__/clientFieldFilters.test.ts:11-48	Cubre falsy, AND, fechas y operadores; mantener.
packages/containerhub-front/src/cruds/clientCsvExport.ts	b1d3fb737f0dea1058e367409a4a16cc6befe26e0c458c6392f7750c577e5303	front-core	packages/containerhub-front/src/cruds/StacksCrud.ts:4;packages/containerhub-front/src/cruds/GitLabProjectsCrud.ts:4;packages/containerhub-front/src/cruds/NetworksCrud.ts:4	provider.export → paginate → Blob CSV	packages/containerhub-front/src/cruds/__tests__/clientCsvExport.test.ts:6	unchanged	packages/containerhub-front/src/cruds/clientCsvExport.ts:3-16,18-60	Helper compartido ya evita CSV duplicado; no extraer serialización pequeña.
packages/containerhub-front/src/cruds/clientFieldFilters.ts	a1548adfc581e6a0780152085ea9df1b64232590247ae6c51b8d0bb0656134f6	front-core	packages/containerhub-front/src/cruds/NetworksCrud.ts:5;packages/containerhub-front/src/cruds/NodesCrud.ts:5;packages/containerhub-front/src/cruds/StacksCrud.ts:5	aplica operadores Drax a inventario antes de paginar	packages/containerhub-front/src/cruds/__tests__/clientFieldFilters.test.ts:11-48	unchanged	packages/containerhub-front/src/cruds/clientFieldFilters.ts:5-51,54-67	Helper común centraliza operadores; mantener resolución inyectable para IPAM.
packages/containerhub-front/src/images/__tests__/registryImageReference.test.ts	61799d5e10ff0c348c502dc3a706b535fbbfe2aa72d0770e638140ba942565e8	front-core	node:test	serviceRegistryTarget / projectRegistryTarget	packages/containerhub-front/src/images/__tests__/registryImageReference.test.ts:5-32 (inspección; no ejecutado)	unchanged	packages/containerhub-front/src/images/__tests__/registryImageReference.test.ts:5-32	Cubre domain con puerto, namespace y entrada vacía; mantener.
packages/containerhub-front/src/images/__tests__/serviceImageUsage.test.ts	954c76bcf097dafb12bfb95e28454dee0e9cc059b4d3cf6824397c5fb07113ee	front-core	node:test	buildServiceImageUsage / projectServiceUsage	packages/containerhub-front/src/images/__tests__/serviceImageUsage.test.ts:11-21 (inspección; no ejecutado)	unchanged	packages/containerhub-front/src/images/__tests__/serviceImageUsage.test.ts:5-21	Cubre índice por tag y domain GitLab; mantener.
packages/containerhub-front/src/images/registryImageReference.ts	2f1933b32d90fc4baa95534c21a99894756c87f909897d91f4d92482cc1c7fa5	front-core	packages/containerhub-front/src/pages/services/ServicesPage.vue:156;packages/containerhub-front/src/pages/GitLabProjectsPage.vue:140	deep-link registry; comparación en serviceImageUsage	packages/containerhub-front/src/images/__tests__/registryImageReference.test.ts:5-32	unchanged	packages/containerhub-front/src/images/registryImageReference.ts:14-38	Dos transformaciones concretas y reutilizadas; no introducir parser genérico de imágenes.
packages/containerhub-front/src/images/serviceImageUsage.ts	beec4256a2f2d195a8b479182953799347016d06ccf4f5a5341ef45ceb2c01af	front-core	packages/containerhub-front/src/pages/RegistryImagesPage.vue:63;packages/containerhub-front/src/pages/GitLabProjectsPage.vue:141	indexa servicios por repo/tag y project matching	packages/containerhub-front/src/images/__tests__/serviceImageUsage.test.ts:11-21	unchanged	packages/containerhub-front/src/images/serviceImageUsage.ts:15-34	Un solo índice para vista registry y match GitLab; mantener.
packages/containerhub-front/src/locales/index.ts	1b7fb101026d5ffddb3e1e4415c4911a275ffea6a45ab4953d99c47f6c6372bc	front-core	packages/containerhub-front/src/plugins/i18n.ts:2	createI18n / fallback en; merge Drax	packages/containerhub-front/src/router/__tests__/AuditSection.test.ts:19	unchanged	packages/containerhub-front/src/locales/index.ts:7-20	Composición de mensajes en un punto; cast de tipado del upstream no pide helper.
packages/containerhub-front/src/locales/messages.ts	a9446d50a45207e639d77bebf0c5c2fe63e3e30f9d0441323cb54c62abb84fb7	front-core	packages/containerhub-front/src/locales/index.ts:5	traducciones UI es/en y monitoring	packages/containerhub-front/src/router/__tests__/ServicesPermission.test.ts:1	unchanged	packages/containerhub-front/src/locales/messages.ts:1-115,117-229	Catálogo paralelo de claves; partición monitoring existente; no extraer por tamaño sin ownership real.
packages/containerhub-front/src/main.ts	3d6216e38d7316cbfc0d899e9fb41db3d68fb7f392fc7f2aaffc56f64ae1f51f	front-core	packages/containerhub-front/index.html (entry Vite)	app/Pinia/entities/i18n/vuetify/router mount y auth header	packages/containerhub-front/src/setup/__tests__/SetupEntities.test.ts:10	unchanged	packages/containerhub-front/src/main.ts:13-26	Orden de bootstrap explícito; evitar fábrica o segundo estado de token.
packages/containerhub-front/src/navigation.ts	3d2d9099846a121ad72067a34b4588a822ba110ac4881eac4482af9a602fc112	front-core	packages/containerhub-front/src/App.vue:51;packages/containerhub-front/src/pages/HomePage.vue:7;packages/containerhub-front/src/router/index.ts:7	menu y getIconForRouteName	packages/containerhub-front/src/router/__tests__/ServicesPermission.test.ts:18;packages/containerhub-front/src/router/__tests__/AuditSection.test.ts:16	blocked	packages/containerhub-front/src/navigation.ts:1-46 (literal enmascarado: 28)	Lectura de literal enmascarado por herramienta; no declarar revisión íntegra ni inferir contenido; revisar mediante acceso autorizado sin desactivar redacción.
packages/containerhub-front/src/plugins/i18n.ts	12a25ee4d7ae8981e72f0512920e062332b526a7a15647f2df796b3c21edc17a	front-core	packages/containerhub-front/src/main.ts:6;packages/containerhub-front/src/router/index.ts:6	instala buildI18n; título de ruta	packages/containerhub-front/src/router/__tests__/AuditSection.test.ts:19	unchanged	packages/containerhub-front/src/plugins/i18n.ts:1-8	Adaptador de una línea; no agregar envoltura.
packages/containerhub-front/src/plugins/pinia.ts	1002ef47123be9c560d0c61c0236d0380d851530d22c449a0bdacfe504be3a0b	front-core	packages/containerhub-front/src/main.ts:3	instala Pinia persistida antes de entidades	packages/containerhub-front/src/setup/__tests__/SetupEntities.test.ts:25	unchanged	packages/containerhub-front/src/plugins/pinia.ts:1-10	Bootstrap local sin otra responsabilidad.
packages/containerhub-front/src/plugins/vuetify.ts	5d4ad0afc4417a8411cfd93eea451f62251cd2b3c0bbbf41ab4500d024ea0f45	front-core	packages/containerhub-front/src/main.ts:7	tema dark / locale Vuetify	Sin prueba focal identificada; inspección de fuente	unchanged	packages/containerhub-front/src/plugins/vuetify.ts:1-12	Configuración declarativa mínima.
packages/containerhub-front/src/rest.ts	3d415d9a9860b0813f579c503be6876bd17fb3ad0624b2f4431e800ddebe9841	front-core	packages/containerhub-front/src/cruds/NetworksCrud.ts:2;packages/containerhub-front/src/pages/RegistryImagesPage.vue:62;packages/containerhub-front/src/components/RegistryImageDetails.vue:57	HttpRestClientFactory GET/POST/PUT con token actual	packages/containerhub-front/src/__tests__/rest.test.ts:5-8	unchanged	packages/containerhub-front/src/rest.ts:5-23	Tres wrappers cortos mantienen auth en frontera; no crear cliente propio; prueba sólo header.
packages/containerhub-front/src/restHeaders.ts	3b045958ea0662a5748ae56a185dd82862f58ba220b5a134de46b25facefd5c4	front-core	packages/containerhub-front/src/rest.ts:3;packages/containerhub-front/src/cruds/MonitoringCrud.ts:6	Authorization Bearer si token	packages/containerhub-front/src/__tests__/rest.test.ts:5-8	blocked	packages/containerhub-front/src/restHeaders.ts:1-3 (literal enmascarado: 2)	Lectura de literal enmascarado por herramienta; no declarar revisión íntegra ni inferir contenido; revisar mediante acceso autorizado sin desactivar redacción.
packages/containerhub-front/src/router/__tests__/AuditSection.test.ts	d4c87a360fd919c7c7bd735c3eb86042800bee9469189110ebe681eda606124a	front-core	node:test	router/navigation/entities/locales/home	packages/containerhub-front/src/router/__tests__/AuditSection.test.ts:13-23 (inspección; no ejecutado)	unchanged	packages/containerhub-front/src/router/__tests__/AuditSection.test.ts:5-23; revisión de puerta: La regex es inventario de integración audit/router/menu/locale, no guard ejecutado. Ya hay spec de navegador de acceso al enlace y respuesta de auditoría; una nueva suite de router para este cambio sólo de lectura añadiría montaje, no claridad.	Conservar límite actual. El E2E requiere credenciales y no cubre usuario sin audit:manage; al modificar autorización añadir caso negativo en navegador o guard real. No se ejecutó.
packages/containerhub-front/src/router/__tests__/ServicesPermission.test.ts	a69d3ceb45b2fa44a1ba78800cba4a0608da5116153480bfbe3e9a8d0f208101	front-core	node:test	router/navigation/providers/pages/App	packages/containerhub-front/src/router/__tests__/ServicesPermission.test.ts:18-66 (inspección; no ejecutado)	blocked	packages/containerhub-front/src/router/__tests__/ServicesPermission.test.ts:5-66; revisión de puerta: Agrupa regex de permiso, filtros, CSS y enlace de stacks; el punto riesgoso es redirigir antes de renderizar/consultar servicios. Existe un spec con token de prueba y rutas interceptadas, por lo que un caso pequeño allí mejora evidencia sin fabricar otro runner ni cambiar producción.	Corte no ejecutado; puerta: Propuesta no implementada: playwright.config.ts:10 borra /tmp/containerhub-playwright-e2e.db* y arranca servidores; autorizar impacto antes de ejecutar. No es prueba de Swarm/API real.
packages/containerhub-front/src/router/index.ts	106272cf8484336990710c5278d4755de2620e48650fb3922dfacacfe8e2c884	front-core	packages/containerhub-front/src/main.ts:8;packages/containerhub-front/src/pages/LoginPage.vue:9	lazy pages, permisos y redirects, title/favicon	packages/containerhub-front/src/router/__tests__/ServicesPermission.test.ts:18-27;packages/containerhub-front/src/router/__tests__/AuditSection.test.ts:13-16	unchanged	packages/containerhub-front/src/router/index.ts:9-118,120-180	Guard central ya es la frontera correcta; metadatos IdentityRoutes adaptados explícitamente; no partir rutas sólo por longitud.
packages/containerhub-front/src/setup/SetupEntities.ts	5a424ef1b8f10b3dc402863fbe9a51fe52ac3434594961e6f2bfd36042d37f9a	front-core	packages/containerhub-front/src/main.ts:9	useEntityStore.setEntities antes de mount	packages/containerhub-front/src/setup/__tests__/SetupEntities.test.ts:10-27	unchanged	packages/containerhub-front/src/setup/SetupEntities.ts:1-26	Registro de entidades declarativo y acotado.
packages/containerhub-front/src/setup/__tests__/SetupEntities.test.ts	39066f85d461d7d696b0b7fdd9cb49f4437577b5e4f4b3ca8b8f9427f53c934b	front-core	node:test	SetupEntities.ts y main.ts	packages/containerhub-front/src/setup/__tests__/SetupEntities.test.ts:10-27 (inspección; no ejecutado)	unchanged	packages/containerhub-front/src/setup/__tests__/SetupEntities.test.ts:5-27; revisión de puerta: Lista corta y explícita: el test textual documenta entidades y orden de llamada, pero no comprueba el store. Importar main.ts ejecutaría bootstrap/mount y el store Drax requiere Pinia; para una revisión de lectura no compensa un harness adicional.	Conservar límite actual. Si cambia la lista o inicialización, caracterizar setEntities con la instancia real y Pinia en entorno compatible; no declarar registro runtime a partir de regex. No se ejecutó.
docker/containerhub-monitoring	2a37928a6a3621a0d962dace2f9991d6f04d32de0ab960b40f4960c57a63bc2d	operational	Dockerfile:23 copies executable; docker-compose.yml:55 command	docker/containerhub-monitoring:4 execs packages/containerhub-back/dist/monitoring.js; packages/containerhub-back/src/monitoring.ts:5-6	packages/containerhub-back/src/modules/monitoring/__tests__/MonitoringWorker.test.ts:44-62 tests TS entry not wrapper	unchanged	docker/containerhub-monitoring:1-4 POSIX sh strict exec forwards signals and exit to monitoring worker; Dockerfile:23 installs chmod 755	Add missing extensionless executable path to shared second-pass inventory; keep thin launcher
packages/containerhub-agent/Dockerfile	ffe140ff37ebb80780aeb7ca63be22960f2119d5c0a15f9d094807bc5c68838c	operational	README.md:98 docker build -f; packages/containerhub-agent/deploy-remote-worker-proof.sh:190	packages/containerhub-agent/src/index.ts:1-6; packages/containerhub-agent/package.json:8-10	packages/containerhub-agent/src/__tests__/server.test.ts tests server not image; image build not run	unchanged	packages/containerhub-agent/Dockerfile:1-17 install/build/prune and copy compiled agent; :17 Node entrypoint; separate image mandated by worker scheduling docker-compose.yml:83-107	Add missing path to shared second-pass inventory; no code change
packages/containerhub-agent/stack.yml	eb39def0ef6873f0adf579396d038f18b86f740481810f831bcc83d7a5b30c9e	operational	packages/containerhub-agent/deploy-remote-worker-proof.sh:192-193; packages/containerhub-agent/TLS.md:145-149	packages/containerhub-agent/src/server.ts:32-54 config reads CA/cert/key; packages/containerhub-agent/src/index.ts:1-6	packages/containerhub-agent/src/__tests__/server.test.ts unit config only; no stack deploy run	unchanged	packages/containerhub-agent/stack.yml:2-26 agent mTLS environment secrets global DNSRR; :28-38 external network/secret declarations; unlike docker-compose.yml:83-107, this is dedicated stack	Add missing path to shared second-pass inventory (services or operational); investigate two-stack TLS topology in separate behavior/security scope
packages/containerhub-front/index.html	c577ad8c7405b723557ceec6f1337e438522bc213ca1c957c1cf78b317d30dac	operational	packages/containerhub-front/vite.config.ts:14-30; packages/containerhub-front/package.json:7-9	packages/containerhub-front/src/main.ts:13-26 mounts #app; Dockerfile:22 copies dist	No direct index.html test; front build not run	unchanged	packages/containerhub-front/index.html:1-13 contains root div and executable module script :11; not documentation HTML	Add missing path to shared second-pass inventory under front-core; no extraction
